entr_tag_id,tag_subtype_id,entr_tag_name,tag_subtype_description,logical_node,sensor_name,presentation_name,standard_units,value_type,data_type,collector_type
1,0,CONN.ConSt,,CONN.,ConSt,Provider connection state,Enum,Live Value,Long,Live Value
2,0,SERVER.DmdWSpt,,SERVER.,DmdWSpt,Overall Active power setpoint,W,Live Value,Double,Live Value
3,0,SERVER.HddSpaceAvl,,SERVER.,HddSpaceAvl,Free disk space on HD drive ,Byte,Live Value,Double,Live Value
8,0,SERVER.OVCpuTm,,SERVER.,OVCpuTm,OneView CPU usage,percent,Live Value,Double,Live Value
13,0,SERVER.OVCpuTmMean,,SERVER.,OVCpuTmMean,OneView CPU usage mean,percent,Live Value,Double,Live Value
18,0,SERVER.OVMemUsage,,SERVER.,OVMemUsage,OneView memory usage,Byte,Live Value,Double,Live Value
23,0,SERVER.OVNumClients,,SERVER.,OVNumClients,Number of OneView Active Clients,count,Live Value,Double,Live Value
28,0,SERVER.OVNumUsers,,SERVER.,OVNumUsers,Number of OneView Active Users,count,Live Value,Double,Live Value
33,0,SERVER.SysCpuTm,,SERVER.,SysCpuTm,System CPU usage,percent,Live Value,Double,Live Value
38,0,SERVER.SysCpuTmMean,,SERVER.,SysCpuTmMean,System CPU usage mean,percent,Live Value,Double,Live Value
43,0,SERVER.SysMemUsage,,SERVER.,SysMemUsage,System memory usage,Byte,Live Value,Double,Live Value
48,0,SERVER.TurSt,,SERVER.,TurSt,Overall Turbine Status,Enum,Live Value,Long,Live Value
49,0,WALM.ActAlmCnt,,WALM.,ActAlmCnt,Number Of Active Alarms,Count,Live Value,Long,Live Value
51,0,WALM.ActWarCnt,,WALM.,ActWarCnt,Number Of Active Warnings,Count,Live Value,Long,Live Value
52,0,WALM.AlmLvl,,WALM.,AlmLvl,Active alarm level,Enum,Live Value,Long,Live Value
53,0,WALM.AlmSt,,WALM.,AlmSt,Active alarm code,Enum,Live Value,Long,Live Value
55,0,WALM.AlmTms,,WALM.,AlmTms,Time with an alarm,seconds,Live Value,Long,Live Value
57,0,WALM.AlmVal1,,WALM.,AlmVal1,First parameter of the active alarm,Enum,Live Value,Double,Live Value
59,0,WALM.AlmVal2,,WALM.,AlmVal2,Second parameter active alarm,Enum,Live Value,Double,Live Value
61,0,WALM.WarSt,,WALM.,WarSt,Active warning code,Enum,Live Value,Long,Live Value
63,0,WAPC.BatStopCnt,,WAPC.,BatStopCnt,Number of Stopped by bat/bird control,Count,Live Value,Long,Live Value
64,0,WAPC.CtlSt,,WAPC.,CtlSt,Active power control state,Enum,Live Value,Long,Live Value
65,0,WAPC.CtlStStr,,WAPC.,CtlStStr,Active power control state Text,Enum,Live Value,String,Live Value
66,0,WAPC.CutHiTurNum,,WAPC.,CutHiTurNum,Number of turbines not running due to high wind speed,Count,Total Counter,Long,Live Value
67,0,WAPC.CutLoTurNum,,WAPC.,CutLoTurNum,Number of turbines not running due to low wind speed,Count,Total Counter,Long,Live Value
68,0,WAPC.DelAct,,WAPC.,DelAct,Activate delta control function,Enum,Live Value,Long,Live Value
69,0,WAPC.DelEna,,WAPC.,DelEna,Delta function enabled,Enum,Live Value,Long,Live Value
70,0,WAPC.DelSpt,,WAPC.,DelSpt,Active Power Delta Setpoint,W,Setpoint,Double,Live Value
72,0,WAPC.EmgWSptSt,,WAPC.,EmgWSptSt,Emergency active power setpoint state,Enum,Live Value,Long,Live Value
74,0,WAPC.Gra,,WAPC.,Gra,Wind power plant gradient,W/s,Live Value,Double,Live Value
75,0,WAPC.GraAct,,WAPC.,GraAct,Activate gradient control function,Enum,Live Value,Long,Live Value
76,0,WAPC.GraEna,,WAPC.,GraEna,Gradient function enabled,Enum,Live Value,Long,Live Value
77,0,WAPC.GrdLossW,,WAPC.,GrdLossW,UPC Estimated grid loss,W,Live Value,Double,Live Value
78,0,WAPC.GrdOpSt,,WAPC.,GrdOpSt,Site Utlity Command Status,Enum,Live Value,Long,Live Value
79,0,WAPC.Hz,,WAPC.,Hz,Frequency in PCC,Hz,Live Value,Double,Live Value
85,0,WAPC.HzCmpSt,,WAPC.,HzCmpSt,Frequency compensation state,Enum,Live Value,Long,Live Value
86,0,WAPC.HzCmpStStr,,WAPC.,HzCmpStStr,Frequency compensation state text,String,Live Value,String,Live Value
87,0,WAPC.IceStopCnt,,WAPC.,IceStopCnt,Number of  Stopped by ice control,Count,Live Value,Long,Live Value
88,0,WAPC.ICntrbW,,WAPC.,ICntrbW,UPC I Contribution,W,Live Value,Double,Live Value
92,0,WAPC.IntnWSpt,,WAPC.,IntnWSpt,UPC Internal active power setpoint,W,Live Value,Double,Live Value
106,0,WAPC.ManWDelGraSpt,,WAPC.,ManWDelGraSpt,Delta manual active power setpoint ramp rate,W/s,Setpoint,Double,Live Value
107,0,WAPC.ManWDelSpt,,WAPC.,ManWDelSpt,UPC Delta manual active power setpoint,W,Setpoint,Double,Live Value
108,0,WAPC.ManWDelSptSt,,WAPC.,ManWDelSptSt,UPC Delta manual active power setpoint state,Enum,Live Value,Long,Live Value
109,0,WAPC.ManWGraSpt,,WAPC.,ManWGraSpt,Absolute manual active power setpoint ramp rate,W/s,Setpoint,Double,Live Value
110,0,WAPC.ManWSpt,,WAPC.,ManWSpt,UPC Absolute manual active power setpoint,W,Setpoint,Double,Live Value
111,0,WAPC.ManWSptNoSt,,WAPC.,ManWSptNoSt,UPC No manual active power setpoint state,Enum,Live Value,Long,Live Value
112,0,WAPC.ManWSptSt,,WAPC.,ManWSptSt,UPC Absolute manual active power setpoint state,Enum,Live Value,Long,Live Value
113,0,WAPC.NoCommW,,WAPC.,NoCommW,UPC Power of turbines with no comm,W,Live Value,Double,Live Value
114,0,WAPC.NoCtlCnt,,WAPC.,NoCtlCnt,Number of not controllable units,Count,Live Value,Long,Live Value
115,0,WAPC.OpCnt,,WAPC.,OpCnt,Number of operational units,Count,Live Value,Long,Live Value
116,0,WAPC.OperSt,,WAPC.,OperSt,UPC State,Enum,Live Value,Long,Live Value
118,0,WAPC.OpTurNum,,WAPC.,OpTurNum,Actual number of wind turbines in operation,Count,Total Counter,Long,Live Value
119,0,WAPC.PCntrbW,,WAPC.,PCntrbW,UPC P Contribution,W,Live Value,Double,Live Value
120,0,WAPC.PsblW,,WAPC.,PsblW,UPC Possible Active Power,W,Live Value,Double,Live Value
125,0,WAPC.ResWSpt,,WAPC.,ResWSpt,UPC Resulting active power setpoint,W,Live Value,Double,Live Value
130,0,WAPC.SectorStopCnt,,WAPC.,SectorStopCnt,Number of units Stopped by sector management,Count,Live Value,Long,Live Value
131,0,WAPC.ShadowStopCnt,,WAPC.,ShadowStopCnt,Number of units Stopped by shadow control,Count,Live Value,Long,Live Value
132,0,WAPC.StManu,,WAPC.,StManu,UPC state OEM code,Enum,Live Value,Long,Live Value
133,0,WAPC.StManuStr,,WAPC.,StManuStr,OEM state text,String,Live Value,String,Live Value
134,0,WAPC.StopCnt,,WAPC.,StopCnt,Number of units Stopped,Count,Live Value,Long,Live Value
135,0,WAPC.TraWDelSpt,,WAPC.,TraWDelSpt,UPC Delta trading active power setpoint,W,Live Value,Double,Live Value
136,0,WAPC.TraWDelSptSt,,WAPC.,TraWDelSptSt,UPC Delta trading active power setpoint state,Enum,Live Value,Long,Live Value
137,0,WAPC.TraWSpt,,WAPC.,TraWSpt,UPC Absolute trading active power setpoint,W,Live Value,Double,Live Value
138,0,WAPC.TraWSptSt,,WAPC.,TraWSptSt,UPC Absolute trading active power setpoint state,Enum,Live Value,Long,Live Value
139,0,WAPC.TurBasW,,WAPC.,TurBasW,UPC Turbine Basis Power,W,Live Value,Double,Live Value
140,0,WAPC.TurCsmpW,,WAPC.,TurCsmpW,UPC Turbine consumption,W,Live Value,Double,Live Value
141,0,WAPC.TurDisW,,WAPC.,TurDisW,UPC Power of control disabled turbines,W,Live Value,Double,Live Value
142,0,WAPC.TurLoLimW,,WAPC.,TurLoLimW,UPC Turbine Lower tolerance limit,W,Live Value,Double,Live Value
143,0,WAPC.TurMinW,,WAPC.,TurMinW,UPC Turbine Minimum setpoint,W,Live Value,Double,Live Value
144,0,WAPC.TurNomW,,WAPC.,TurNomW,UPC Turbine Nominal power,W,Live Value,Double,Live Value
145,0,WAPC.TurPsblW,,WAPC.,TurPsblW,UPC Turbine Available power,W,Live Value,Double,Live Value
146,0,WAPC.TurSpltPtW,,WAPC.,TurSpltPtW,UPC Turbine Split point,W,Live Value,Double,Live Value
147,0,WAPC.TurSt,,WAPC.,TurSt,UPC Status of turbine for UPC Park Controller,Enum,Live Value,Long,Live Value
148,0,WAPC.TurStOk,,WAPC.,TurStOk,Number of turbines available for control,count,Live Value,Long,Live Value
149,0,WAPC.TurUpLimW,,WAPC.,TurUpLimW,UPC Turbine Upper tolerance limit,W,Live Value,Double,Live Value
150,0,WAPC.TurW,,WAPC.,TurW,UPC Turbine Active power,W,Live Value,Double,Live Value
151,0,WAPC.TurWSpt,,WAPC.,TurWSpt,UPC Turbine  Active power setpoint,W,Live Value,Double,Live Value
152,0,WAPC.UtlWDelSpt,,WAPC.,UtlWDelSpt,UPC Delta utility active power setpoint,W,Live Value,Double,Live Value
153,0,WAPC.UtlWDelSptSt,,WAPC.,UtlWDelSptSt,UPC Delta utility active power setpoint state,Enum,Live Value,Long,Live Value
154,0,WAPC.UtlWSpt,,WAPC.,UtlWSpt,UPC Absolute utility active power setpoint,W,Live Value,Double,Live Value
155,0,WAPC.UtlWSptSt,,WAPC.,UtlWSptSt,UPC Absolute utility active power setpoint state,Enum,Live Value,Long,Live Value
156,0,WAPC.VA,,WAPC.,VA,Wind power plant apparent power,VAr,Live Value,Double,Live Value
157,0,WAPC.VAAct,,WAPC.,VAAct,Activate apparent power control function,Enum,Live Value,Long,Live Value
158,0,WAPC.VAEna,,WAPC.,VAEna,Active power control mode enabled controlling apparent power,Enum,Live Value,Long,Live Value
159,0,WAPC.VASpt,,WAPC.,VASpt,Apparent power setpoint,W,Setpoint,Double,Live Value
160,0,WAPC.W,,WAPC.,W,Wind power plant active generation,W,Live Value,Double,Live Value
165,0,WAPC.WAct,,WAPC.,WAct,Activate active power control function,Enum,Live Value,Long,Live Value
166,0,WAPC.WCap,,WAPC.,WCap,Wind power plant active power capability,W,Live Value,Double,Live Value
167,0,WAPC.WDel,,WAPC.,WDel,Wind power plant active power reserve,W,Live Value,Double,Live Value
168,0,WAPC.WDnGraSpt,,WAPC.,WDnGraSpt,Setpoint gradient ramp down,W/s,Setpoint,Double,Live Value
169,0,WAPC.WdSpd,,WAPC.,WdSpd,Wind speed,m/s,Live Value,Double,Live Value
174,0,WAPC.WLim,,WAPC.,WLim,Active power limit,W,Live Value,Double,Live Value
175,0,WAPC.WLimEna,,WAPC.,WLimEna,Active power limitation mode enabled,Enum,Live Value,Long,Live Value
176,0,WAPC.WMinCap,,WAPC.,WMinCap,Wind power plant minimum capability active power,W,Live Value,Double,Live Value
177,0,WAPC.WSpt,,WAPC.,WSpt,Wind power plant Active power Setpoint,W,Setpoint,Double,Live Value
182,0,WAPC.WUpGraSpt,,WAPC.,WUpGraSpt,Setpoint gradient ramp up,W/s,Setpoint,Double,Live Value
183,0,WAVL.AvlTms,,WAVL.,AvlTms,Turbine availability time,seconds,Total Counter,Long,Live Value
185,0,WAVL.CnttAvl,,WAVL.,CnttAvl,Contractual availability,percent,Live Value,Double,Live Value
191,0,WAVL.Ia,,WAVL.,Ia,Information available,Enum,Live Value,Long,Live Value
192,0,WAVL.Iafm,,WAVL.,Iafm,Information available force majeure,Enum,Live Value,Long,Live Value
193,0,WAVL.Iano,,WAVL.,Iano,Information available nonoperative,Enum,Live Value,Long,Live Value
194,0,WAVL.Ianofo,,WAVL.,Ianofo,Information available nonoperative forced outage,Enum,Live Value,Long,Live Value
195,0,WAVL.Ianopca,,WAVL.,Ianopca,Information available nonoperative planned corrective actions,Enum,Live Value,Long,Live Value
196,0,WAVL.Ianos,,WAVL.,Ianos,Information available nonoperative suspended,Enum,Live Value,Long,Live Value
197,0,WAVL.Ianosm,,WAVL.,Ianosm,Information available nonoperative scheduled maintenance,Enum,Live Value,Long,Live Value
198,0,WAVL.Iao,,WAVL.,Iao,Information available operative,Enum,Live Value,Long,Live Value
199,0,WAVL.Iaog,,WAVL.,Iaog,Information available operative generating,Enum,Live Value,Long,Live Value
200,0,WAVL.Iaogfp,,WAVL.,Iaogfp,Information available operative generating with full performance,Enum,Live Value,Long,Live Value
201,0,WAVL.Iaogpp,,WAVL.,Iaogpp,Information available operative generating with partial performance,Enum,Live Value,Long,Live Value
202,0,WAVL.Iaong,,WAVL.,Iaong,Information available operative nongenerating,Enum,Live Value,Long,Live Value
203,0,WAVL.Iaongel,,WAVL.,Iaongel,Information available operative nongenerating out of electrical specification,Enum,Live Value,Long,Live Value
204,0,WAVL.Iaongen,,WAVL.,Iaongen,Information available operative nongenerating out of environmental specification,Enum,Live Value,Long,Live Value
205,0,WAVL.Iaongrs,,WAVL.,Iaongrs,Information available operative nongenerating requested shutdown,Enum,Live Value,Long,Live Value
206,0,WAVL.Iaongts,,WAVL.,Iaongts,Information available operative nongenerating technical standby,Enum,Live Value,Long,Live Value
207,0,WAVL.Iu,,WAVL.,Iu,Information unavailable,Enum,Live Value,Long,Live Value
208,0,WAVL.OpTmsRs,,WAVL.,OpTmsRs,Operation time,seconds,Total Counter,Long,Live Value
209,0,WAVL.PwrAvl,,WAVL.,PwrAvl,Powerbased availability,percent,Live Value,Double,Live Value
214,0,WAVL.SysAvl,,WAVL.,SysAvl,System availability,percent,Live Value,Double,Live Value
215,0,WAVL.TurAvl,,WAVL.,TurAvl,Turbine availability,percent,Live Value,Double,Live Value
221,0,WCNV.ASpt,,WCNV.,ASpt,Converter current set point,A,Setpoint,Double,Live Value
226,0,WCNV.AuxTrfTmp,,WCNV.,AuxTrfTmp,Auxiliary Transformer Temp,°C,Live Value,Double,Live Value
231,0,WCNV.BusBarTmp,,WCNV.,BusBarTmp,Converter Busbar Temp,°C,Live Value,Double,Live Value
236,0,WCNV.BypassCnt,,WCNV.,BypassCnt,Number of activations of the bypass contactor,Count,Total Counter,Long,Live Value
238,0,WCNV.BypassTms,,WCNV.,BypassTms,Time the by-pass contactor has been activated,seconds,Total Counter,Long,Live Value
240,0,WCNV.ClAirTmp,,WCNV.,ClAirTmp,Converter Cooling Air Temp,°C,Live Value,Double,Live Value
245,0,WCNV.ClSt,,WCNV.,ClSt,Converter Cooling System Status,Enum,Live Value,Long,Live Value
246,0,WCNV.ClWtrPress,,WCNV.,ClWtrPress,Converter Cooling Water Pressure,bar,Live Value,Double,Live Value
251,0,WCNV.ClWtrTmp,,WCNV.,ClWtrTmp,Converter Cooling Water Temp,°C,Live Value,Double,Live Value
256,0,WCNV.CnvOpSt,,WCNV.,CnvOpSt,Converter Operation Status,Enum,Live Value,Long,Live Value
257,0,WCNV.CtlPnlFanCnt,,WCNV.,CtlPnlFanCnt,Number of activations of the control panel fan,Count,Total Counter,Long,Live Value
259,0,WCNV.CtlPnlFanTms,,WCNV.,CtlPnlFanTms,Time control panel fan has been activated,seconds,Total Counter,Long,Live Value
261,0,WCNV.CtlPnlHtCnt,,WCNV.,CtlPnlHtCnt,Number of activations of control panel heater,Count,Total Counter,Long,Live Value
263,0,WCNV.CtlPnlHtTms,,WCNV.,CtlPnlHtTms,Time control panel heat has been activated,seconds,Total Counter,Long,Live Value
265,0,WCNV.CtlPnlTmp,,WCNV.,CtlPnlTmp,Control Panel Temp,°C,Live Value,Double,Live Value
270,0,WCNV.CtlTmp,,WCNV.,CtlTmp,Converter Panel Temp,°C,Live Value,Double,Live Value
275,0,WCNV.CtlTmp1,,WCNV.,CtlTmp1,Converter Panel 1 Temp,°C,Live Value,Double,Live Value
277,0,WCNV.CtlTmp2,,WCNV.,CtlTmp2,Converter Panel 2 Temp,°C,Live Value,Double,Live Value
279,0,WCNV.DclA,,WCNV.,DclA,Converter DC-link Current,A,Live Value,Double,Live Value
280,0,WCNV.DclA1,,WCNV.,DclA1,Converter DC-link L1 Current,A,Live Value,Double,Live Value
281,0,WCNV.DclA2,,WCNV.,DclA2,Converter DC-link L2 Current,A,Live Value,Double,Live Value
282,0,WCNV.DclA3,,WCNV.,DclA3,Converter DC-link L3 Current,A,Live Value,Double,Live Value
283,0,WCNV.DclTmp,,WCNV.,DclTmp,Converter DC-link Temp,°C,Live Value,Double,Live Value
288,0,WCNV.DclV,,WCNV.,DclV,Converter DC-link Voltage,V,Live Value,Double,Live Value
293,0,WCNV.DmdTorq,,WCNV.,DmdTorq,Converter Torque setpoint,Enum,Live Value,Double,Live Value
298,0,WCNV.G1Cnt,,WCNV.,G1Cnt,Number of activations of the generator 1 contactor,Count,Total Counter,Long,Live Value
300,0,WCNV.G1OpTms,,WCNV.,G1OpTms,Time the Generator 1 contactor has been activated,seconds,Total Counter,Long,Live Value
302,0,WCNV.G2Cnt,,WCNV.,G2Cnt,Number of activations of the generator 2 contactor,Count,Total Counter,Long,Live Value
304,0,WCNV.G2OpTms,,WCNV.,G2OpTms,Time the Generator 2 contactor has been activated,seconds,Total Counter,Long,Live Value
306,0,WCNV.GnA,,WCNV.,GnA,Converter Generator Side Current,A,Live Value,Double,Live Value
307,0,WCNV.GnA1,,WCNV.,GnA1,Converter Generator L1 Side Current,A,Live Value,Double,Live Value
308,0,WCNV.GnA2,,WCNV.,GnA2,Converter Generator L2 Side Current,A,Live Value,Double,Live Value
309,0,WCNV.GnA3,,WCNV.,GnA3,Converter Generator L3 Side Current,A,Live Value,Double,Live Value
310,0,WCNV.GnHz,,WCNV.,GnHz,Generator Frequency,Hz,Live Value,Double,Live Value
311,0,WCNV.GnPF,,WCNV.,GnPF,Power factor generator side,PF,Live Value,Double,
312,0,WCNV.GnPNV,,WCNV.,GnPNV,Converter P-N Voltage Generator side,V,Live Value,Double,Live Value
317,0,WCNV.GnPNV1,,WCNV.,GnPNV1,Converter P-N L1 Voltage Generator side,V,Live Value,Double,Live Value
322,0,WCNV.GnPNV2,,WCNV.,GnPNV2,Converter P-N L2 Voltage Generator side,V,Live Value,Double,Live Value
327,0,WCNV.GnPNV3,,WCNV.,GnPNV3,Converter P-N L3 Voltage Generator side,V,Live Value,Double,Live Value
332,0,WCNV.GnPPV,,WCNV.,GnPPV,Converter P-P Voltage Generator side,V,Live Value,Double,Live Value
333,0,WCNV.GnTmp,,WCNV.,GnTmp,Converter Generator Side Temp,°C,Live Value,Double,Live Value
338,0,WCNV.GnTmp1,,WCNV.,GnTmp1,Converter Generator L1 Side Temp,°C,Live Value,Double,Live Value
343,0,WCNV.GnTmp2,,WCNV.,GnTmp2,Converter Generator L2 Side Temp,°C,Live Value,Double,Live Value
348,0,WCNV.GnTmp3,,WCNV.,GnTmp3,Converter Generator L3 Side Temp,°C,Live Value,Double,Live Value
353,0,WCNV.GriA,,WCNV.,GriA,Converter Grid Side Current,A,Live Value,Double,Live Value
358,0,WCNV.GriA1,,WCNV.,GriA1,Converter Grid L1 Side Current,A,Live Value,Double,Live Value
363,0,WCNV.GriA2,,WCNV.,GriA2,Converter Grid L2 Side Current,A,Live Value,Double,Live Value
368,0,WCNV.GriA3,,WCNV.,GriA3,Converter Grid L3 Side Current,A,Live Value,Double,Live Value
373,0,WCNV.GriAsymA,,WCNV.,GriAsymA,Grid current Asymmetry,A,Live Value,Double,Live Value
378,0,WCNV.GriFilTmp1,,WCNV.,GriFilTmp1,Converter Grid Filter L1 Temp,°C,Live Value,Double,Live Value
383,0,WCNV.GriFilTmp2,,WCNV.,GriFilTmp2,Converter Grid Filter L2 Temp,°C,Live Value,Double,Live Value
388,0,WCNV.GriFilTmp3,,WCNV.,GriFilTmp3,Converter Grid Filter L3 Temp,°C,Live Value,Double,Live Value
393,0,WCNV.GriHz,,WCNV.,GriHz,Frequency,Hz,Live Value,Double,Live Value
398,0,WCNV.GriPF,,WCNV.,GriPF,Power factor grid side,PF,Live Value,Double,Live Value
403,0,WCNV.GriPF1,,WCNV.,GriPF1,Power factor L1 grid side,PF,Live Value,Double,Live Value
408,0,WCNV.GriPF2,,WCNV.,GriPF2,Power factor L2 grid side,PF,Live Value,Double,Live Value
413,0,WCNV.GriPF3,,WCNV.,GriPF3,Power factor L3 grid side,PF,Live Value,Double,Live Value
418,0,WCNV.GriPNV,,WCNV.,GriPNV,Converter P-N Voltage Grid side,V,Live Value,Double,Live Value
423,0,WCNV.GriPNV1,,WCNV.,GriPNV1,Converter P-N L1 Voltage Grid side,V,Live Value,Double,Live Value
428,0,WCNV.GriPNV2,,WCNV.,GriPNV2,Converter P-N L2 Voltage Grid side,V,Live Value,Double,Live Value
433,0,WCNV.GriPNV3,,WCNV.,GriPNV3,Converter P-N L3 Voltage Grid side,V,Live Value,Double,Live Value
438,0,WCNV.GriPPV,,WCNV.,GriPPV,Converter P-P Voltage Grid side,V,Live Value,Double,Live Value
439,0,WCNV.GriPPV1,,WCNV.,GriPPV1,Converter P-P L1-L2 Voltage Grid side,V,Live Value,Double,Live Value
444,0,WCNV.GriPPV2,,WCNV.,GriPPV2,Converter P-P L2-L3 Voltage Grid side,V,Live Value,Double,Live Value
449,0,WCNV.GriPPV3,,WCNV.,GriPPV3,Converter P-P L3-L1 Voltage Grid side,V,Live Value,Double,Live Value
454,0,WCNV.GriTmp,,WCNV.,GriTmp,Converter Grid Side Temp,°C,Live Value,Double,Live Value
459,0,WCNV.GriTmp1,,WCNV.,GriTmp1,Converter Grid L1 Side Temp,°C,Live Value,Double,Live Value
464,0,WCNV.GriTmp2,,WCNV.,GriTmp2,Converter Grid L2 Side Temp,°C,Live Value,Double,Live Value
469,0,WCNV.GriTmp3,,WCNV.,GriTmp3,Converter Grid L3 Side Temp ,°C,Live Value,Double,Live Value
474,0,WCNV.GriW,,WCNV.,GriW,Converter Active power grid side,W,Live Value,Double,Live Value
475,0,WCNV.HtSnkTmp,,WCNV.,HtSnkTmp,Converter Heat Sink Temp,°C,Live Value,Double,Live Value
480,0,WCNV.MainPnlFanCnt,,WCNV.,MainPnlFanCnt,Number of activations of main panel fan,Count,Total Counter,Long,Live Value
482,0,WCNV.MainPnlFanTms,,WCNV.,MainPnlFanTms,Time main panel fan has been activated,seconds,Total Counter,Long,Live Value
484,0,WCNV.MainPnlHtCnt,,WCNV.,MainPnlHtCnt,Number of activations of main panel heat,Count,Total Counter,Long,Live Value
486,0,WCNV.MainPnlHtTms,,WCNV.,MainPnlHtTms,Time main panel heat has been activated,seconds,Total Counter,Long,Live Value
488,0,WCNV.MainPnlTmp,,WCNV.,MainPnlTmp,Main Panel Temp,°C,Live Value,Double,Live Value
493,0,WCNV.OpPnlTmp,,WCNV.,OpPnlTmp,Operation Panel Temp,°C,Live Value,Double,Live Value
498,0,WCNV.OpTmsRs,,WCNV.,OpTmsRs,Converter operation time,seconds,Total Counter,Long,Live Value
499,0,WCNV.PhsCmpCnt1,,WCNV.,PhsCmpCnt1,Number of activations of phase compensation step 1,Count,Total Counter,Long,Live Value
501,0,WCNV.PhsCmpCnt10,,WCNV.,PhsCmpCnt10,Number of activations of phase compensation step 10,Count,Total Counter,Long,Live Value
503,0,WCNV.PhsCmpCnt2,,WCNV.,PhsCmpCnt2,Number of activations of phase compensation step 2,Count,Total Counter,Long,Live Value
505,0,WCNV.PhsCmpCnt3,,WCNV.,PhsCmpCnt3,Number of activations of phase compensation step 3,Count,Total Counter,Long,Live Value
507,0,WCNV.PhsCmpCnt4,,WCNV.,PhsCmpCnt4,Number of activations of phase compensation step 4,Count,Total Counter,Long,Live Value
509,0,WCNV.PhsCmpCnt5,,WCNV.,PhsCmpCnt5,Number of activations of phase compensation step 5,Count,Total Counter,Long,Live Value
511,0,WCNV.PhsCmpCnt6,,WCNV.,PhsCmpCnt6,Number of activations of phase compensation step 6,Count,Total Counter,Long,Live Value
513,0,WCNV.PhsCmpCnt7,,WCNV.,PhsCmpCnt7,Number of activations of phase compensation step 7,Count,Total Counter,Long,Live Value
515,0,WCNV.PhsCmpCnt8,,WCNV.,PhsCmpCnt8,Number of activations of phase compensation step 8,Count,Total Counter,Long,Live Value
517,0,WCNV.PhsCmpCnt9,,WCNV.,PhsCmpCnt9,Number of activations of phase compensation step 9,Count,Total Counter,Long,Live Value
519,0,WCNV.PhsCmpDclV,,WCNV.,PhsCmpDclV,PCS DC Link Voltage,V,Live Value,Double,Live Value
524,0,WCNV.PhsCmpExtVArSpt,,WCNV.,PhsCmpExtVArSpt,PCS external Reactive Power,VAr,Setpoint,Double,Live Value
529,0,WCNV.PhsCmpFanCnt,,WCNV.,PhsCmpFanCnt,Number of activations of the phase compensation fan,Count,Total Counter,Long,Live Value
531,0,WCNV.PhsCmpFanTms,,WCNV.,PhsCmpFanTms,Time phase compensation fan has been activated,seconds,Total Counter,Long,Live Value
533,0,WCNV.PhsCmpHtCnt,,WCNV.,PhsCmpHtCnt,Number of activations of the phase compensation heat,Count,Total Counter,Long,Live Value
535,0,WCNV.PhsCmpHtSnkTmp,,WCNV.,PhsCmpHtSnkTmp,PCS Heat Sink Temperature,°C,Live Value,Double,Live Value
540,0,WCNV.PhsCmpHtTms,,WCNV.,PhsCmpHtTms,Time phase compensation heat has been activated,seconds,Total Counter,Long,Live Value
542,0,WCNV.PhsCmpPFSpt,,WCNV.,PhsCmpPFSpt,PCS Cos phi Set Point,pf,Setpoint,Double,Live Value
547,0,WCNV.PhsCmpPnlTmp,,WCNV.,PhsCmpPnlTmp,Phase Compensation Panel Temp,°C,Live Value,Double,Live Value
552,0,WCNV.PhsCmpPnlTmp1,,WCNV.,PhsCmpPnlTmp1,Phase Compensation Panel Temp 1,°C,Live Value,Double,Live Value
557,0,WCNV.PhsCmpPnlTmp2,,WCNV.,PhsCmpPnlTmp2,Phase Compensation Panel Temp 2,°C,Live Value,Double,Live Value
562,0,WCNV.PhsCmpPnlTmp3,,WCNV.,PhsCmpPnlTmp3,Phase Compensation Panel Temp 3,°C,Live Value,Double,Live Value
567,0,WCNV.PhsCmpPnlTmp4,,WCNV.,PhsCmpPnlTmp4,Phase Compensation Panel Temp 4,°C,Live Value,Double,Live Value
572,0,WCNV.PhsCmpPnlTmp5,,WCNV.,PhsCmpPnlTmp5,Phase Compensation Panel Temp 5,°C,Live Value,Double,Live Value
577,0,WCNV.PhsCmpSt,,WCNV.,PhsCmpSt,PCS State,Enum,Live Value,Double,Live Value
582,0,WCNV.PhsCmpTms1,,WCNV.,PhsCmpTms1,Time phase compensation 1 has been activated,seconds,Total Counter,Long,Live Value
584,0,WCNV.PhsCmpTms10,,WCNV.,PhsCmpTms10,Time phase compensation 10 has been activated,seconds,Total Counter,Long,Live Value
586,0,WCNV.PhsCmpTms2,,WCNV.,PhsCmpTms2,Time phase compensation 2 has been activated,seconds,Total Counter,Long,Live Value
588,0,WCNV.PhsCmpTms3,,WCNV.,PhsCmpTms3,Time phase compensation 3 has been activated,seconds,Total Counter,Long,Live Value
590,0,WCNV.PhsCmpTms4,,WCNV.,PhsCmpTms4,Time phase compensation 4 has been activated,seconds,Total Counter,Long,Live Value
592,0,WCNV.PhsCmpTms5,,WCNV.,PhsCmpTms5,Time phase compensation 5 has been activated,seconds,Total Counter,Long,Live Value
594,0,WCNV.PhsCmpTms6,,WCNV.,PhsCmpTms6,Time phase compensation 6 has been activated,seconds,Total Counter,Long,Live Value
596,0,WCNV.PhsCmpTms7,,WCNV.,PhsCmpTms7,Time phase compensation 7 has been activated,seconds,Total Counter,Long,Live Value
598,0,WCNV.PhsCmpTms8,,WCNV.,PhsCmpTms8,Time phase compensation 8 has been activated,seconds,Total Counter,Long,Live Value
600,0,WCNV.PhsCmpTms9,,WCNV.,PhsCmpTms9,Time phase compensation 9 has been activated,seconds,Total Counter,Long,Live Value
602,0,WCNV.PhsCmpV,,WCNV.,PhsCmpV,PCS Mains Voltage,V,Live Value,Double,Live Value
607,0,WCNV.PhsCmpVAr,,WCNV.,PhsCmpVAr,PCS Reactive power,VAr,Live Value,Double,Live Value
612,0,WCNV.PhsCmpVArSpt,,WCNV.,PhsCmpVArSpt,PCS Reactive Power Set Point,VAr,Setpoint,Double,Live Value
629,0,WCNV.RectHtSnkTmp1,,WCNV.,RectHtSnkTmp1,Converter Rectifier Heat Sink 1 Temp,°C,Live Value,Double,Live Value
631,0,WCNV.RectHtSnkTmp2,,WCNV.,RectHtSnkTmp2,Converter Rectifier Heat Sink 1 Temp,°C,Live Value,Double,Live Value
633,0,WCNV.RectPnlTmp,,WCNV.,RectPnlTmp,Converter Rectifier Panel Temp,°C,Live Value,Double,Live Value
635,0,WCNV.RotA,,WCNV.,RotA,Converter Rotor Side Current,A,Live Value,Double,Live Value
646,0,WCNV.RotChokTmp,,WCNV.,RotChokTmp,Converter Rotor Choke Temp,°C,Live Value,Double,Live Value
650,0,WCNV.RotTmp1,,WCNV.,RotTmp1,Converter Rotor L1 Side Temp,°C,Live Value,Double,Live Value
654,0,WCNV.RotTmp2,,WCNV.,RotTmp2,Converter Rotor L2 Side Temp,°C,Live Value,Double,Live Value
658,0,WCNV.RotTmp3,,WCNV.,RotTmp3,Converter Rotor L3 Side Temp,°C,Live Value,Double,Live Value
662,0,WCNV.SttFilPnlTmp,,WCNV.,SttFilPnlTmp,Stator Filter Panel Temp,°C,Live Value,Double,Live Value
667,0,WCNV.SttSynSwTmp,,WCNV.,SttSynSwTmp,Stator Sync Switch Temp,°C,Live Value,Double,Live Value
672,0,WCNV.ThyrCnt,,WCNV.,ThyrCnt,Number of activations of the thyristors,Count,Total Counter,Long,Live Value
674,0,WCNV.ThyrFanCnt,,WCNV.,ThyrFanCnt,Number of activations of the thyristor fan,Count,Total Counter,Long,Live Value
676,0,WCNV.ThyrFanTms,,WCNV.,ThyrFanTms,Time the thyristor fan has been activated,seconds,Total Counter,Long,Live Value
678,0,WCNV.ThyrTmp,,WCNV.,ThyrTmp,Thyrister Temp,°C,Live Value,Double,Live Value
683,0,WCNV.ThyrTms,,WCNV.,ThyrTms,Time the thyristors have been activated,seconds,Total Counter,Long,Live Value
685,0,WCNV.Torq,,WCNV.,Torq,Converter Torque,Enum,Live Value,Double,Live Value
690,0,WCNV.VAr,,WCNV.,VAr,Converter Reactive power,VAr,Live Value,Double,Live Value
695,0,WCNV.W,,WCNV.,W,Converter Active power,W,Live Value,Double,Live Value
700,0,WGEN.BrgDETmp,,WGEN.,BrgDETmp,Generator Bearing DE Temp ,°C,Live Value,Double,Live Value
705,0,WGEN.BrgNDETmp,,WGEN.,BrgNDETmp,Generator Bearing NDE Temp ,°C,Live Value,Double,Live Value
710,0,WGEN.BrgTmp1,,WGEN.,BrgTmp1,Generator Bearing 1 Temp,°C,Live Value,Double,Live Value
715,0,WGEN.BrgTmp2,,WGEN.,BrgTmp2,Generator Bearing 2 Temp,°C,Live Value,Double,Live Value
720,0,WGEN.CabTmp,,WGEN.,CabTmp,Generator Cable Temp,°C,Live Value,Double,Live Value
725,0,WGEN.ClAirTmp,,WGEN.,ClAirTmp,Generator Cooling Air Temp,°C,Live Value,Double,Live Value
730,0,WGEN.ClSt,,WGEN.,ClSt,Generator Cooling system Status,Enum,Live Value,Long,Live Value
731,0,WGEN.ClWtrLev,,WGEN.,ClWtrLev,Generator Cooling Water Level,Enum,Live Value,Double,Live Value
732,0,WGEN.ClWtrPmpPres,,WGEN.,ClWtrPmpPres,Generator Cooling Water Pump Pressure,bar,Live Value,Double,Live Value
737,0,WGEN.ClWtrTmp,,WGEN.,ClWtrTmp,Generator Cooling Water Temp ,°C,Live Value,Double,Live Value
742,0,WGEN.ClWtrTnkPres,,WGEN.,ClWtrTnkPres,Generator Cooling Water Tank Pressure,bar,Live Value,Double,Live Value
747,0,WGEN.DmdRotSpdStp,,WGEN.,DmdRotSpdStp,Generator RPM Setpoint,RPM,Live Value,Double,Live Value
752,0,WGEN.DmdSpdSpt,,WGEN.,DmdSpdSpt,Internal Generator speed setpoint,RPM,Setpoint,Double,Live Value
757,0,WGEN.DmdSttVArStp,,WGEN.,DmdSttVArStp,Generator stator reactive power setpoint,VAr,Live Value,Double,Live Value
762,0,WGEN.DmdSttWStp,,WGEN.,DmdSttWStp,Generator stator Active power setpoint,W,Live Value,Double,Live Value
767,0,WGEN.DrtOpTms,,WGEN.,DrtOpTms,Operation time with derated active power setpoint,seconds,Total Counter,Long,Live Value
769,0,WGEN.Gn1Gn2Cnt,,WGEN.,Gn1Gn2Cnt,Number of activations of G -> g,Count,Total Counter,Long,Live Value
771,0,WGEN.Gn2Gn1Cnt,,WGEN.,Gn2Gn1Cnt,Number of activations of g -> G,Count,Total Counter,Long,Live Value
773,0,WGEN.GnOpSt,,WGEN.,GnOpSt,Generator Status,Enum,Live Value,Long,Live Value
775,0,WGEN.GnOpStStr,,WGEN.,GnOpStStr,Generator status text,String,Live Value,String,Live Value
776,0,WGEN.GriA,,WGEN.,GriA,Generator Current,A,Live Value,Double,Live Value
781,0,WGEN.GsLev,,WGEN.,GsLev,Grease level in the generator bearing lubrication tank,percent,Live Value,Double,Live Value
786,0,WGEN.HtCnt,,WGEN.,HtCnt,Number of activations of generator heater,Count,Total Counter,Long,Live Value
788,0,WGEN.HtTms,,WGEN.,HtTms,Time the generator heater has been activated,seconds,Total Counter,Long,Live Value
790,0,WGEN.InLetTmp,,WGEN.,InLetTmp,Generator Water Inlet Temp,Degrees,Live Value,Double,Live Value
795,0,WGEN.OpTms,,WGEN.,OpTms,Time with generator cut-in in,seconds,Total Counter,Long,Live Value
800,0,WGEN.OpTms1,,WGEN.,OpTms1,Hours Generator 1 operational,seconds,Total Counter,Long,Live Value
801,0,WGEN.OpTms2,,WGEN.,OpTms2,Hours Generator 2 operational,seconds,Total Counter,Long,Live Value
802,0,WGEN.OpTmsRs,,WGEN.,OpTmsRs,Generator operation time,seconds,Total Counter,Long,Live Value
803,0,WGEN.OutLetTmp,,WGEN.,OutLetTmp,Generator Water Outlet Temp,Degrees,Live Value,Double,Live Value
808,0,WGEN.RotA,,WGEN.,RotA,Generator Rotor Current,A,Live Value,Double,Live Value
813,0,WGEN.RotExtAC,,WGEN.,RotExtAC,Generator Rotor Excitation Alternating Current,A,Live Value,Double,Live Value
814,0,WGEN.RotExtDC,,WGEN.,RotExtDC,Generator Rotor Excitation Direct Current,A,Live Value,Double,Live Value
815,0,WGEN.RotExtHtSnkTmp,,WGEN.,RotExtHtSnkTmp,Generator Excitation Heat Sink Temp,°C,Live Value,Double,Live Value
817,0,WGEN.RotExtPnlTmp,,WGEN.,RotExtPnlTmp,Generator Excitation Control Cabinet Temp,°C,Live Value,Double,Live Value
819,0,WGEN.RotPNV,,WGEN.,RotPNV,Generator P-N Voltage Rotor side,V,Live Value,Double,Live Value
820,0,WGEN.RotPNV1,,WGEN.,RotPNV1,Generator P-N L1 Voltage Rotor side,V,Live Value,Double,Live Value
821,0,WGEN.RotPNV2,,WGEN.,RotPNV2,Generator P-N L2 Voltage Rotor side,V,Live Value,Double,Live Value
822,0,WGEN.RotPNV3,,WGEN.,RotPNV3,Generator P-N L3 Voltage Rotor side,V,Live Value,Double,Live Value
823,0,WGEN.RotPPV,,WGEN.,RotPPV,Generator P-P Voltage Rotor side,V,Live Value,Double,Live Value
824,0,WGEN.RotSpd,,WGEN.,RotSpd,Generator RPM,RPM,Live Value,Double,Live Value
829,0,WGEN.RotSpd1,,WGEN.,RotSpd1,Generator RPM1,RPM,Live Value,Double,Live Value
834,0,WGEN.RotSpd2,,WGEN.,RotSpd2,Generator RPM2,RPM,Live Value,Double,Live Value
839,0,WGEN.RotSpdLim,,WGEN.,RotSpdLim,Generator RPM Speed Limit,rpm,Live Value,Double,Live Value
840,0,WGEN.RotTmp,,WGEN.,RotTmp,Generator Rotor Temp,°C,Live Value,Double,Live Value
845,0,WGEN.RotTmp1,,WGEN.,RotTmp1,Generator Rotor Temp1,°C,Live Value,Double,Live Value
847,0,WGEN.RotTmp2,,WGEN.,RotTmp2,Generator Rotor Temp2,°C,Live Value,Double,Live Value
849,0,WGEN.RotTmp3,,WGEN.,RotTmp3,Generator Rotor Temp3,°C,Live Value,Double,Live Value
850,0,WGEN.SlpRngTmp,,WGEN.,SlpRngTmp,Generator Slipring Temp,°C,Live Value,Double,Live Value
855,0,WGEN.SlpRngTmp2,,WGEN.,SlpRngTmp2,Generator Slipring Top Chaimber Temp,°C,Live Value,Double,Live Value
860,0,WGEN.SttA,,WGEN.,SttA,Generator Stator Current,A,Live Value,Double,Live Value
865,0,WGEN.SttPNV,,WGEN.,SttPNV,Generator P-N Voltage Stator side,V,Live Value,Double,Live Value
870,0,WGEN.SttPPV,,WGEN.,SttPPV,Generator P-P Voltage Stator side,V,Live Value,Double,Live Value
871,0,WGEN.SttTmp,,WGEN.,SttTmp,Generator Stator Temp,°C,Live Value,Double,Live Value
876,0,WGEN.SttTmp1,,WGEN.,SttTmp1,Generator Stator L1 Temp,°C,Live Value,Double,Live Value
881,0,WGEN.SttTmp2,,WGEN.,SttTmp2,Generator Stator L2 Temp,°C,Live Value,Double,Live Value
886,0,WGEN.SttTmp3,,WGEN.,SttTmp3,Generator Stator L3 Temp,°C,Live Value,Double,Live Value
891,0,WGEN.SttVAr,,WGEN.,SttVAr,Generator stator reactive power ,VAr,Live Value,Double,Live Value
896,0,WGEN.SttW,,WGEN.,SttW,Generator stator Active power,W,Live Value,Double,Live Value
901,0,WGEN.VAr,,WGEN.,VAr,Generator reactive power ,VAr,Live Value,Double,Live Value
906,0,WGEN.W,,WGEN.,W,Generator Active power,W,Live Value,Double,Live Value
913,0,WGEN1.DmdVArh,,WGEN1.,DmdVArh,Reactive energy consumed by generator 1,VArh,Total Counter,Double,Live Value
917,0,WGEN1.DmdWh,,WGEN1.,DmdWh,Active energy consumed by generator 1,Wh,Total Counter,Double,Live Value
921,0,WGEN1.GnOpSt,,WGEN1.,GnOpSt,Generator 1 State,Enum,Live Value,Long,Live Value
922,0,WGEN1.OpTms,,WGEN1.,OpTms,Time generator 1 in production,seconds,Total Counter,Long,Live Value
927,0,WGEN1.SttTmp,,WGEN1.,SttTmp,Generator 1 Temp,°C,Live Value,Double,Live Value
932,0,WGEN1.SttTmp1,,WGEN1.,SttTmp1,Generator 1 Stator L1 Temp ,°C,Live Value,Double,Live Value
937,0,WGEN1.SttTmp2,,WGEN1.,SttTmp2,Generator 1 Stator L2 Temp ,°C,Live Value,Double,Live Value
942,0,WGEN1.SttTmp3,,WGEN1.,SttTmp3,Generator 1 Stator L3 Temp ,°C,Live Value,Double,Live Value
947,0,WGEN1.SupVArh,,WGEN1.,SupVArh,Reactive energy supplied by generator 1,VArh,Total Counter,Double,Live Value
951,0,WGEN1.SupWh,,WGEN1.,SupWh,Active energy supply by generator 1,Wh,Total Counter,Double,Live Value
955,0,WGEN1.TotVArh,,WGEN1.,TotVArh,Total reactive energy production generator 1,VArh,Total Counter,Double,Live Value
959,0,WGEN1.TotWh,,WGEN1.,TotWh,Total active energy production  generator 1,Wh,Total Counter,Double,Live Value
963,0,WGEN2.DmdVArh,,WGEN2.,DmdVArh,Reactive energy consumed by generator 2,VArh,Total Counter,Double,Live Value
967,0,WGEN2.DmdWh,,WGEN2.,DmdWh,Active energy consumed by generator 2,Wh,Total Counter,Double,Live Value
971,0,WGEN2.GnOpSt,,WGEN2.,GnOpSt,Generator 2 State,Enum,Live Value,Long,Live Value
972,0,WGEN2.OpTms,,WGEN2.,OpTms,Time generator 2 in production,seconds,Total Counter,Long,Live Value
977,0,WGEN2.SttTmp,,WGEN2.,SttTmp,Generator 2 Temp,°C,Live Value,Double,Live Value
982,0,WGEN2.SttTmp1,,WGEN2.,SttTmp1,Generator 2 Stator L1 Temp ,°C,Live Value,Double,Live Value
987,0,WGEN2.SttTmp2,,WGEN2.,SttTmp2,Generator 2 Stator L2 Temp ,°C,Live Value,Double,Live Value
992,0,WGEN2.SttTmp3,,WGEN2.,SttTmp3,Generator 2 Stator L3 Temp ,°C,Live Value,Double,Live Value
997,0,WGEN2.SupVArh,,WGEN2.,SupVArh,Reactive energy supplied by generator 2,VArh,Total Counter,Double,Live Value
1001,0,WGEN2.SupWh,,WGEN2.,SupWh,Active energy supply by generator 2,Wh,Total Counter,Double,Live Value
1005,0,WGEN2.TotVArh,,WGEN2.,TotVArh,Total reactive energy production generator 2,VArh,Total Counter,Double,Live Value
1009,0,WGEN2.TotWh,,WGEN2.,TotWh,Total active energy production  generator 2,Wh,Total Counter,Double,Live Value
1013,0,WGEN3.SttTmp,,WGEN3.,SttTmp,Generator 3 Temp,°C,Live Value,Double,Live Value
1018,0,WGEN4.SttTmp,,WGEN4.,SttTmp,Generator 4 Temp,°C,Live Value,Double,Live Value
1023,0,WMET.AirDen,,WMET.,AirDen,Air Density,kg/m³,Live Value,Double,Live Value
1028,0,WMET.Alt,,WMET.,Alt,Sensor altitude,m,Live Value,Double,Live Value
1037,0,WMET.AneHtCnt,,WMET.,AneHtCnt,Number of activations of the wind sensor heat,Count,Total Counter,Long,Live Value
1039,0,WMET.AneHtTms,,WMET.,AneHtTms,Time the wind sensor heat has been activated,seconds,Total Counter,Long,Live Value
1043,0,WMET.CloudCvr,,WMET.,CloudCvr,Cloud Cover level,Enum,Live Value,Double,
1044,0,WMET.DctInsol,,WMET.,DctInsol,Direct Normal Insolation,Enum,Live Value,Double,
1045,0,WMET.DewPt,,WMET.,DewPt,Dew point, ,Live Value,Double,
1046,0,WMET.DffInsol,,WMET.,DffInsol,Diffuse insolation,,Live Value,Double,
1047,0,WMET.DlDur,,WMET.,DlDur,Daylight duration,seconds,Total Counter,Long,Live Value
1048,0,WMET.EnvHum,,WMET.,EnvHum,Humidity,percent,Live Value,Double,Live Value
1053,0,WMET.EnvPres,,WMET.,EnvPres,Barometric Pressure,bar,Live Value,Double,Live Value
1058,0,WMET.EnvTmp,,WMET.,EnvTmp,Ambient Temp,°C,Live Value,Double,Live Value
1063,0,WMET.EnvTmp1,,WMET.,EnvTmp1,Ambient Temp1,°C,Live Value,Double,Live Value
1068,0,WMET.EnvTmp2,,WMET.,EnvTmp2,Ambient Temp2,°C,Live Value,Double,Live Value
1073,0,WMET.HorInsol,,WMET.,HorInsol,Total horizontal insolation,,Live Value,Double,
1074,0,WMET.HorWdDir,,WMET.,HorWdDir,Wind Direction Primary Windvane ,Degrees,Live Value,Double,Live Value
1079,0,WMET.HorWdDir1,,WMET.,HorWdDir1,Wind Direction Primary Windvane ,Degrees,Live Value,Double,Live Value
1084,0,WMET.HorWdDir2,,WMET.,HorWdDir2,Wind Direction Seconday Windvane,Degrees,Live Value,Double,Live Value
1089,0,WMET.HorWdDirRel,,WMET.,HorWdDirRel,Relative Wind Direction Primary Windvane,Degrees,Live Value,Double,Live Value
1094,0,WMET.HorWdDirRel1,,WMET.,HorWdDirRel1,Relative Wind Direction Seconday Windvane,Degrees,Live Value,Double,Live Value
1099,0,WMET.HorWdDirRel2,,WMET.,HorWdDirRel2,Relative Wind Direction Seconday Windvane,Degrees,Live Value,Double,Live Value
1104,0,WMET.HorWdSpd,,WMET.,HorWdSpd,Wind speed primary anemometer,m/s,Live Value,Double,Live Value
1109,0,WMET.HorWdSpd1,,WMET.,HorWdSpd1,Wind speed primary anemometer,m/s,Live Value,Double,Live Value
1114,0,WMET.HorWdSpd2,,WMET.,HorWdSpd2,Wind speed secondary anemometer,m/s,Live Value,Double,Live Value
1119,0,WMET.HorWdSpdEst,,WMET.,HorWdSpdEst,Estimated Wind speed,m/s,Live Value,Double,Live Value
1124,0,WMET.Ice,,WMET.,Ice,Thickness of ice,mm,Live Value,Double,Live Value
1129,0,WMET.IceSt,,WMET.,IceSt,Ice Detection Status,Enum,Live Value,Long,Live Value
1130,0,WMET.Ilum,,WMET.,Ilum,Ambient brightness,Lux,Live Value,Double,Live Value
1132,0,WMET.RnFll,,WMET.,RnFll,Rainfall,,Live Value,Double,
1137,0,WMET.SnwCvr,,WMET.,SnwCvr,Snow cover,,Live Value,Double,
1138,0,WMET.SnwDen,,WMET.,SnwDen,Density of snowfall,,Live Value,Double,
1139,0,WMET.SnwEq,,WMET.,SnwEq,Water equivalent of snowfall,,Live Value,Double,
1140,0,WMET.SnwFll,,WMET.,SnwFll,Snowfall,,Live Value,Double,
1141,0,WMET.SnwTmp,,WMET.,SnwTmp,Snowfall temp,°C,Live Value,Double,
1142,0,WMET.VerWdDir,,WMET.,VerWdDir,Vertical Wind Direction,Degrees,Live Value,Double,Live Value
1143,0,WMET.VerWdSpd,,WMET.,VerWdSpd,Vertical wind speed,m/s,Live Value,Double,Live Value
1144,0,WMET.WdGustSpd,,WMET.,WdGustSpd,Gust Wind speed,m/s,Live Value,Double,Live Value
1145,0,WMET.WetBlbTmp,,WMET.,WetBlbTmp,Wet Bulb Temp,°C,Live Value,Double,
1146,0,WMET.WtrTmp,,WMET.,WtrTmp,Water Temp,°C,Live Value,Double,
1147,0,WNAC.AneSt,,WNAC.,AneSt,Anemometer Status,Enum,Live Value,Long,Live Value
1148,0,WNAC.BecBlbSt,,WNAC.,BecBlbSt,Aviation light Status,Enum,Live Value,Long,Live Value
1149,0,WNAC.BecLevSpt,,WNAC.,BecLevSpt,Setpoint bulb light level of beacon,,Live Value,Double,
1150,0,WNAC.BecLumLev,,WNAC.,BecLumLev,Value of luminosity level of beacon,,Live Value,Double,
1151,0,WNAC.BecMod,,WNAC.,BecMod,Set Beacon Modus,Enum,Live Value,Long,
1152,0,WNAC.ClWtrInTmp,,WNAC.,ClWtrInTmp,Cooling Water Temp Before Heat Exchanger,°C,Live Value,Double,Live Value
1157,0,WNAC.ClWtrOutTmp,,WNAC.,ClWtrOutTmp,Cooling Water Temp After Heat Exchanger,°C,Live Value,Double,Live Value
1162,0,WNAC.Dir,,WNAC.,Dir,Nacelle Direction,Degrees,Live Value,Double,Live Value
1167,0,WNAC.FanCnt,,WNAC.,FanCnt,Number of activations of the nacelle fan,Count,Total Counter,Long,Live Value
1169,0,WNAC.FanTms,,WNAC.,FanTms,Time the nacelle fan has been activated,seconds,Total Counter,Long,Live Value
1171,0,WNAC.FlshSpt,,WNAC.,FlshSpt,Setpoint value of flash duty cycle of beacon,,Setpoint,Double,
1174,0,WNAC.HtexTmp1,,WNAC.,HtexTmp1,Lower Heat Exchanger Temp ,°C,Live Value,Double,Live Value
1179,0,WNAC.HtexTmp2,,WNAC.,HtexTmp2,Upper Heat Exchanger Temp ,°C,Live Value,Double,Live Value
1188,0,WNAC.HyOilPmpCnt,,WNAC.,HyOilPmpCnt,Number of activations of the hydraulic oil pump,Count,Total Counter,Long,Live Value
1190,0,WNAC.HyOilPmpTms,,WNAC.,HyOilPmpTms,Time the hydraulic oil pump has been activated,seconds,Total Counter,Long,Live Value
1192,0,WNAC.HyOilTmp,,WNAC.,HyOilTmp,Nacelle Hydraulic Oil Temp,°C,Live Value,Double,Live Value
1197,0,WNAC.HyPres,,WNAC.,HyPres,Nacelle Hydraulic System Pressure,bar,Live Value,Double,Live Value
1202,0,WNAC.IntnHum,,WNAC.,IntnHum,Internal humidity nacelle,percent,Live Value,Double,Live Value
1207,0,WNAC.IntnTmp,,WNAC.,IntnTmp,Nacelle Internal Temp,°C,Live Value,Double,Live Value
1212,0,WNAC.IntnTmp2,,WNAC.,IntnTmp2,Nacelle Internal Temp2,°C,Live Value,Double,Live Value
1213,0,WNAC.IntnTmp3,,WNAC.,IntnTmp3,Nacelle Internal Temp3,°C,Live Value,Double,Live Value
1214,0,WNAC.IntnTmp4,,WNAC.,IntnTmp4,Nacelle Internal Temp4,°C,Live Value,Double,Live Value
1215,0,WNAC.LuPmpCnt,,WNAC.,LuPmpCnt,Number of activations of the lubrication pump,Count,Total Counter,Long,Live Value
1217,0,WNAC.LuPmpTms,,WNAC.,LuPmpTms,Time lubrication pump has been activated,seconds,Total Counter,Long,Live Value
1219,0,WNAC.OfFilDiffPres,,WNAC.,OfFilDiffPres,Offline Filter Differential Pressure,bar,Live Value,Double,Live Value
1224,0,WNAC.OpTmsRs,,WNAC.,OpTmsRs,Operation time of beacon,seconds,Total Counter,Long,Live Value
1227,0,WNAC.PnlTmp,,WNAC.,PnlTmp,Nacelle Panel Temp,°C,Live Value,Double,Live Value
1232,0,WNAC.TopCtlTmp,,WNAC.,TopCtlTmp,Top Controller Temp,°C,Live Value,Double,Live Value
1233,0,WNAC.Vis,,WNAC.,Vis,Visibility outside nacelle,m,Live Value,Double,Live Value
1238,0,WNAC.WdHtSt,,WNAC.,WdHtSt,Wind sensor Heater Status,Enum,Live Value,Long,Live Value
1239,0,WNAC.XdirDsp,,WNAC.,XdirDsp,Nacelle displacement shaft direction,m/s^2,Live Value,Double,Live Value
1248,0,WNAC.YdirDsp,,WNAC.,YdirDsp,Nacelle displacement,m/s^2,Live Value,Double,Live Value
1269,0,WROT.BlPthA1,,WROT.,BlPthA1,Pitch Motor 1 Current,A,Live Value,Double,Live Value
1274,0,WROT.BlPthA2,,WROT.,BlPthA2,Pitch Motor 2 Current,A,Live Value,Double,Live Value
1279,0,WROT.BlPthA3,,WROT.,BlPthA3,Pitch Motor 3 Current,A,Live Value,Double,Live Value
1284,0,WROT.BlPthAng2Val1,,WROT.,BlPthAng2Val1,Secondary Pitch angle of blade 1,Degrees,Live Value,Double,Live Value
1289,0,WROT.BlPthAng2Val2,,WROT.,BlPthAng2Val2,Secondary Pitch angle of blade 2,Degrees,Live Value,Double,Live Value
1294,0,WROT.BlPthAng2Val3,,WROT.,BlPthAng2Val3,Secondary Pitch angle of blade 3,Degrees,Live Value,Double,Live Value
1299,0,WROT.BlPthAngRmpTgt1,,WROT.,BlPthAngRmpTgt1,Pitch angle ramped setpoint blade 1,Degrees,Live Value,Double,Live Value
1304,0,WROT.BlPthAngRmpTgt2,,WROT.,BlPthAngRmpTgt2,Pitch angle ramped setpoint blade 2,Degrees,Live Value,Double,Live Value
1309,0,WROT.BlPthAngRmpTgt3,,WROT.,BlPthAngRmpTgt3,Pitch angle ramped setpoint blade 3,Degrees,Live Value,Double,Live Value
1314,0,WROT.BlPthAngTgt,,WROT.,BlPthAngTgt,Pitch angle setpoint,Degrees,Live Value,Double,Live Value
1319,0,WROT.BlPthAngTgt1,,WROT.,BlPthAngTgt1,Pitch angle setpoint blade 1,Degrees,Live Value,Double,Live Value
1324,0,WROT.BlPthAngTgt2,,WROT.,BlPthAngTgt2,Pitch angle setpoint blade 2,Degrees,Live Value,Double,Live Value
1329,0,WROT.BlPthAngTgt3,,WROT.,BlPthAngTgt3,Pitch angle setpoint blade 3,Degrees,Live Value,Double,Live Value
1334,0,WROT.BlPthAngTgtErr1,,WROT.,BlPthAngTgtErr1,Pitch angle setpoint error blade 1,Degrees,Live Value,Double,Live Value
1339,0,WROT.BlPthAngTgtErr2,,WROT.,BlPthAngTgtErr2,Pitch angle setpoint error blade 2,Degrees,Live Value,Double,Live Value
1344,0,WROT.BlPthAngTgtErr3,,WROT.,BlPthAngTgtErr3,Pitch angle setpoint error blade 3,Degrees,Live Value,Double,Live Value
1349,0,WROT.BlPthAngVal,,WROT.,BlPthAngVal,Pitch angle,Degrees,Live Value,Double,Live Value
1354,0,WROT.BlPthAngVal1,,WROT.,BlPthAngVal1,Pitch angle of blade 1,Degrees,Live Value,Double,Live Value
1359,0,WROT.BlPthAngVal2,,WROT.,BlPthAngVal2,Pitch angle of blade 2,Degrees,Live Value,Double,Live Value
1364,0,WROT.BlPthAngVal3,,WROT.,BlPthAngVal3,Pitch angle of blade 3,Degrees,Live Value,Double,Live Value
1369,0,WROT.BlPthBatChaMaxTmp1,,WROT.,BlPthBatChaMaxTmp1,Pitch Battery Charger 1 Max Temp ,°C,Live Value,Double,Live Value
1374,0,WROT.BlPthBatChaMaxTmp2,,WROT.,BlPthBatChaMaxTmp2,Pitch Battery Charger 2 Max Temp ,°C,Live Value,Double,Live Value
1379,0,WROT.BlPthBatChaMaxTmp3,,WROT.,BlPthBatChaMaxTmp3,Pitch Battery Charger 3 Max Temp ,°C,Live Value,Double,Live Value
1384,0,WROT.BlPthBatPnlTmp1,,WROT.,BlPthBatPnlTmp1,Pitch Battery Panel 1 Temp ,°C,Live Value,Double,Live Value
1389,0,WROT.BlPthBatPnlTmp2,,WROT.,BlPthBatPnlTmp2,Pitch Battery Panel 2 Temp ,°C,Live Value,Double,Live Value
1394,0,WROT.BlPthBatPnlTmp3,,WROT.,BlPthBatPnlTmp3,Pitch Battery Panel 3 Temp ,°C,Live Value,Double,Live Value
1399,0,WROT.BlPthBatSt,,WROT.,BlPthBatSt,Pitch Battery Status,Enum,Live Value,Long,Live Value
1412,0,WROT.BlPthDCV1,,WROT.,BlPthDCV1,DC voltage blade 1,V,Live Value,Double,Live Value
1417,0,WROT.BlPthDCV2,,WROT.,BlPthDCV2,DC voltage blade 2,V,Live Value,Double,Live Value
1422,0,WROT.BlPthDCV3,,WROT.,BlPthDCV3,DC voltage blade 3,V,Live Value,Double,Live Value
1427,0,WROT.BlPthHtSnkTmp1,,WROT.,BlPthHtSnkTmp1,Electrical pitch Heatsink 1 Temp,°C,Live Value,Double,Live Value
1432,0,WROT.BlPthHtSnkTmp2,,WROT.,BlPthHtSnkTmp2,Electrical pitch Heatsink 2 Temp,°C,Live Value,Double,Live Value
1437,0,WROT.BlPthHtSnkTmp3,,WROT.,BlPthHtSnkTmp3,Electrical pitch Heatsink 3 Temp,°C,Live Value,Double,Live Value
1442,0,WROT.BlPthHyPres,,WROT.,BlPthHyPres,Hydraulic Oil Pitch Pressure,bar,Live Value,Double,Live Value
1447,0,WROT.BlPthHyPres1,,WROT.,BlPthHyPres1,Hydraulic Oil Pitch Blade 1 Pressure,bar,Live Value,Double,Live Value
1452,0,WROT.BlPthHyPres2,,WROT.,BlPthHyPres2,Hydraulic Oil Pitch Blade 2 Pressure,bar,Live Value,Double,Live Value
1457,0,WROT.BlPthHyPres3,,WROT.,BlPthHyPres3,Hydraulic Oil Pitch Blade 3 Pressure,bar,Live Value,Double,Live Value
1462,0,WROT.BlPthHyTmp,,WROT.,BlPthHyTmp,Hydraulic Pitch Temp ,°C,Live Value,Double,Live Value
1463,0,WROT.BlPthMotSpd1,,WROT.,BlPthMotSpd1,Pitch Motor 1 RPM,RPM,Live Value,Double,Live Value
1468,0,WROT.BlPthMotSpd2,,WROT.,BlPthMotSpd2,Pitch Motor 2 RPM,RPM,Live Value,Double,Live Value
1473,0,WROT.BlPthMotSpd3,,WROT.,BlPthMotSpd3,Pitch Motor 3 RPM,RPM,Live Value,Double,Live Value
1478,0,WROT.BlPthMotTmp1,,WROT.,BlPthMotTmp1,Pitch Motor 1 Temp ,°C,Live Value,Double,Live Value
1483,0,WROT.BlPthMotTmp2,,WROT.,BlPthMotTmp2,Pitch Motor 2 Temp ,°C,Live Value,Double,Live Value
1488,0,WROT.BlPthMotTmp3,,WROT.,BlPthMotTmp3,Pitch Motor 3 Temp ,°C,Live Value,Double,Live Value
1493,0,WROT.BlPthPistPos1,,WROT.,BlPthPistPos1,Pitch hydraulic piston position blade 1,,Live Value,Double,Live Value
1498,0,WROT.BlPthPistPos2,,WROT.,BlPthPistPos2,Pitch hydraulic piston position blade 2,,Live Value,Double,Live Value
1503,0,WROT.BlPthPistPos3,,WROT.,BlPthPistPos3,Pitch hydraulic piston position blade 3,,Live Value,Double,Live Value
1508,0,WROT.BlPthPistVlvPos1,,WROT.,BlPthPistVlvPos1,Pitch hydraulic piston valve position blade 1,,Live Value,Double,Live Value
1513,0,WROT.BlPthPistVlvPos2,,WROT.,BlPthPistVlvPos2,Pitch hydraulic piston valve position blade 2,,Live Value,Double,Live Value
1518,0,WROT.BlPthPistVlvPos3,,WROT.,BlPthPistVlvPos3,Pitch hydraulic piston valve position blade 3,,Live Value,Double,Live Value
1523,0,WROT.BlPthPnlTmp1,,WROT.,BlPthPnlTmp1,Pitch Control Panel 1 Temp,°C,Live Value,Double,Live Value
1528,0,WROT.BlPthPnlTmp2,,WROT.,BlPthPnlTmp2,Pitch Control Panel 2 Temp,°C,Live Value,Double,Live Value
1533,0,WROT.BlPthPnlTmp3,,WROT.,BlPthPnlTmp3,Pitch Control Panel 3 Temp,°C,Live Value,Double,Live Value
1538,0,WROT.BlPthSpd1,,WROT.,BlPthSpd1,Pitch Speed blade 1 ,RPM,Live Value,Double,Live Value
1543,0,WROT.BlPthSpd2,,WROT.,BlPthSpd2,Pitch Speed blade 2,RPM,Live Value,Double,Live Value
1548,0,WROT.BlPthSpd3,,WROT.,BlPthSpd3,Pitch Speed blade 3,RPM,Live Value,Double,Live Value
1553,0,WROT.BlPthTmp1,,WROT.,BlPthTmp1,Pitch Output Stage 1 Temp  ,°C,Live Value,Double,Live Value
1558,0,WROT.BlPthTmp2,,WROT.,BlPthTmp2,Pitch Output Stage 2 Temp  ,°C,Live Value,Double,Live Value
1563,0,WROT.BlPthTmp3,,WROT.,BlPthTmp3,Pitch Output Stage 3 Temp  ,°C,Live Value,Double,Live Value
1568,0,WROT.BlSt,,WROT.,BlSt,Pitch System Status,Enum,Live Value,Long,Live Value
1581,0,WROT.GsLev,,WROT.,GsLev,Grease level in the blade bearing lubrication tank,percent,Live Value,Double,Live Value
1586,0,WROT.HubCtlTmp,,WROT.,HubCtlTmp,Rotor Hub Controller Temp,°C,Live Value,Double,Live Value
1588,0,WROT.HubHyInPres,,WROT.,HubHyInPres,Hydraulic Hub Inlet Pressure,bar,Live Value,Double,Live Value
1593,0,WROT.HubPnlTmp,,WROT.,HubPnlTmp,Hub Panel Temp,°C,Live Value,Double,Live Value
1598,0,WROT.HubTmp,,WROT.,HubTmp,Hub Temp,°C,Live Value,Double,Live Value
1603,0,WROT.HyOilPmpCnt,,WROT.,HyOilPmpCnt,Number of activations of the hydraulic oil pump,Count,Total Counter,Long,Live Value
1605,0,WROT.HyOilTmp,,WROT.,HyOilTmp,Hydraulic Oil Temp,°C,Live Value,Double,Live Value
1610,0,WROT.HyTipBrkPres,,WROT.,HyTipBrkPres,Hydraulic Oil Tip Brake Pressure,bar,Live Value,Double,Live Value
1615,0,WROT.PthCtlSt,,WROT.,PthCtlSt,Pitch Control Status,Enum,Live Value,Long,Live Value
1616,0,WROT.PthCylPres1,,WROT.,PthCylPres1,Pitch Block Cylinder A Pressure,bar,Live Value,Double,Live Value
1617,0,WROT.PthCylPres2,,WROT.,PthCylPres2,Pitch Block Cylinder B Pressure,bar,Live Value,Double,Live Value
1618,0,WROT.PthCylPres3,,WROT.,PthCylPres3,Pitch Block Cylinder C Pressure,bar,Live Value,Double,Live Value
1619,0,WROT.PthEmgChk,,WROT.,PthEmgChk,Check emergency pitch system,Enum,Live Value,Long,
1624,0,WROT.PthMnfPres1,,WROT.,PthMnfPres1,Pitch block manifold  A pressure,bar,Live Value,Double,Live Value
1625,0,WROT.PthMnfPres2,,WROT.,PthMnfPres2,Pitch block manifold  B pressure,bar,Live Value,Double,Live Value
1626,0,WROT.PthMnfPres3,,WROT.,PthMnfPres3,Pitch block manifold  C pressure,bar,Live Value,Double,Live Value
1627,0,WROT.RotBlk,,WROT.,RotBlk,Block rotor position command,Enum,Live Value,Long,
1628,0,WROT.RotPos,,WROT.,RotPos,Rotor position,Degrees,Live Value,Double,Live Value
1629,0,WROT.RotSpd,,WROT.,RotSpd,Rotor RPM,RPM,Live Value,Double,Live Value
1634,0,WROT.RotSpd1,,WROT.,RotSpd1,Rotor RPM,RPM,Live Value,Double,Live Value
1639,0,WROT.RotSpd2,,WROT.,RotSpd2,Rotor RPM,RPM,Live Value,Double,Live Value
1644,0,WROT.RotSt,,WROT.,RotSt,Rotor Status,Enum,Live Value,Long,Live Value
1645,0,WROT.SlpRngTmp,,WROT.,SlpRngTmp,Rotor Slip Ring Temp,°C,Live Value,Double,Live Value
1649,0,WROT.SpinTmp,,WROT.,SpinTmp,Spinner Temp,°C,Live Value,Double,Live Value
1650,0,WROT.SupV,,WROT.,SupV,Hub supply voltage,V,Live Value,Double,Live Value
1655,0,WROT.TipBrkPmpCnt,,WROT.,TipBrkPmpCnt,Number of activations of the hydraulic tip brake pump,Count,Total Counter,Long,Live Value
1657,0,WROT.TipBrkPmpTms,,WROT.,TipBrkPmpTms,Time the hydraulic tip brake pump has been activated,seconds,Total Counter,Long,Live Value
1659,0,WRPC.CtlModStr,,WRPC.,CtlModStr,Reactive control mode text,String,Live Value,Double,Live Value
1660,0,WRPC.CtlSt,,WRPC.,CtlSt,UPC Reactive power control state,Enum,Live Value,Long,Live Value
1661,0,WRPC.CtlStStr,,WRPC.,CtlStStr,Reactive power control state text,String,Live Value,Double,Live Value
1662,0,WRPC.DrpSpt,,WRPC.,DrpSpt,Setpoint  for slope of voltage control droop,,Setpoint,Double,
1663,0,WRPC.IntnPFSpt,,WRPC.,IntnPFSpt,UPC Internal Power factor setpoint,PF,Live Value,Double,Live Value
1664,0,WRPC.IntnPFSptSt,,WRPC.,IntnPFSptSt,UPC Internal power factor setpoint state,Enum,Live Value,Long,Live Value
1665,0,WRPC.IntnVArSpt,,WRPC.,IntnVArSpt,UPC Internal reactive power setpoint,VAr,Live Value,Double,Live Value
1666,0,WRPC.IntnVArSptSt,,WRPC.,IntnVArSptSt,UPC Internal reactive power setpoint state,Enum,Live Value,Long,Live Value
1667,0,WRPC.ManPFSpt,,WRPC.,ManPFSpt,UPC Manual power factor setpoint,PF,Setpoint,Double,Live Value
1668,0,WRPC.ManPFSptSt,,WRPC.,ManPFSptSt,UPC Manual power factor setpoint state,Enum,Live Value,Long,Live Value
1669,0,WRPC.ManVArModFD,,WRPC.,ManVArModFD,UPC Forced disabled,Enum,Live Value,Long,Live Value
1670,0,WRPC.ManVArModNone,,WRPC.,ManVArModNone,UPC No manual control,Enum,Live Value,Long,Live Value
1671,0,WRPC.ManVArModPF,,WRPC.,ManVArModPF,UPC Power factor control,Enum,Live Value,Long,Live Value
1672,0,WRPC.ManVArModPFP,,WRPC.,ManVArModPFP,UPC Power factor control CosPhi(P),Enum,Live Value,Long,Live Value
1673,0,WRPC.ManVArModQ,,WRPC.,ManVArModQ,UPC Reactive power control,Enum,Live Value,Long,Live Value
1674,0,WRPC.ManVArModQP,,WRPC.,ManVArModQP,UPC Reactive power control (Q(P)),Enum,Live Value,Long,Live Value
1675,0,WRPC.ManVArModQPVDE,,WRPC.,ManVArModQPVDE,UPC Reactive power control (Q(P)) VDE2018,Enum,Live Value,Long,Live Value
1676,0,WRPC.ManVArModQU,,WRPC.,ManVArModQU,UPC Reactive power control (Q(U)),Enum,Live Value,Long,Live Value
1677,0,WRPC.ManVArModQUVDE,,WRPC.,ManVArModQUVDE,UPC Reactive power control (Q(U)) VDE2018,Enum,Live Value,Long,Live Value
1678,0,WRPC.ManVArModQVDE,,WRPC.,ManVArModQVDE,UPC Reactive control VDE2018,Enum,Live Value,Long,Live Value
1679,0,WRPC.ManVArModU,,WRPC.,ManVArModU,UPC Voltage control,Enum,Live Value,Long,Live Value
1680,0,WRPC.ManVArSpt,,WRPC.,ManVArSpt,UPC Manual reactive power setpoint,VAr,Setpoint,Double,Live Value
1681,0,WRPC.ManVArSptSt,,WRPC.,ManVArSptSt,UPC Manual reactive power setpoint state,Enum,Live Value,Long,Live Value
1682,0,WRPC.ManVRef,,WRPC.,ManVRef,UPC Manual voltage reference,V,Live Value,Double,Live Value
1683,0,WRPC.ManVRefSt,,WRPC.,ManVRefSt,UPC Manual voltage reference state,Enum,Live Value,Long,Live Value
1684,0,WRPC.ManVSpt,,WRPC.,ManVSpt,UPC Manual voltage setpoint,V,Setpoint,Double,Live Value
1685,0,WRPC.ManVSptSt,,WRPC.,ManVSptSt,UPC Manual voltage setpoint state,Enum,Live Value,Long,Live Value
1686,0,WRPC.OpTurNum,,WRPC.,OpTurNum,Actual number of wind turbines in operation,Count,Total Counter,Long,Live Value
1687,0,WRPC.PF,,WRPC.,PF,UPC  Power factor,pf,Live Value,Double,Live Value
1692,0,WRPC.PFSign,,WRPC.,PFSign,Power factor sign convention:,,Live Value,Long,
1693,0,WRPC.PFSpt,,WRPC.,PFSpt,UPC Power factor Setpoint,pf,Setpoint,Double,Live Value
1698,0,WRPC.PFSptSt,,WRPC.,PFSptSt,UPC Controller power factor setpoint state,Enum,Live Value,Double,Live Value
1699,0,WRPC.PsblVArCap,,WRPC.,PsblVArCap,UPC Possible Capacitive power,VAr,Live Value,Double,Live Value
1704,0,WRPC.PsblVArInd,,WRPC.,PsblVArInd,UPC Possible Inductive power,VAr,Live Value,Double,Live Value
1709,0,WRPC.UtlPFSpt,,WRPC.,UtlPFSpt,UPC Utility Power factor setpoint,PF,Live Value,Double,Live Value
1710,0,WRPC.UtlPFSptSt,,WRPC.,UtlPFSptSt,UPC Utility power factor setpoint state,Enum,Live Value,Long,Live Value
1711,0,WRPC.UtlVArSpt,,WRPC.,UtlVArSpt,Utility reactive power setpoint,VAr,Live Value,Double,Live Value
1712,0,WRPC.UtlVArSptSt,,WRPC.,UtlVArSptSt,UPC Utility reactive power setpoint state,Enum,Live Value,Long,Live Value
1713,0,WRPC.UtlVRef,,WRPC.,UtlVRef,UPC Utility voltage reference,V,Live Value,Double,Live Value
1714,0,WRPC.UtlVRefSt,,WRPC.,UtlVRefSt,UPC Utility voltage reference state,Enum,Live Value,Long,Live Value
1715,0,WRPC.UtlVSpt,,WRPC.,UtlVSpt,UPC Utility voltage setpoint,V,Live Value,Double,Live Value
1716,0,WRPC.UtlVSptSt,,WRPC.,UtlVSptSt,UPC Utility voltage setpoint state,Enum,Live Value,Long,Live Value
1717,0,WRPC.V,,WRPC.,V,Wind power plant output voltage at the external grid connection point,,Live Value,Double,Live Value
1722,0,WRPC.VAr,,WRPC.,VAr,UPC Wind power plant reactive power generation,VAr,Live Value,Double,Live Value
1727,0,WRPC.VArAct,,WRPC.,VArAct,Activate reactive power control function,Enum,Live Value,Long,
1728,0,WRPC.VArCapExpt,,WRPC.,VArCapExpt,Wind power plant reactive power export capability,,Live Value,Double,
1729,0,WRPC.VArCapImpt,,WRPC.,VArCapImpt,Wind power plant reactive power import capability,,Live Value,Double,
1730,0,WRPC.VArDnGraSpt,,WRPC.,VArDnGraSpt,Setpoint for gradient for ramping down the wind power plant reactive power output,,Setpoint,Double,
1731,0,WRPC.VArMinCap,,WRPC.,VArMinCap,Plant minimum reactive power,VAr,Live Value,Double,Live Value
1732,0,WRPC.VArMod,,WRPC.,VArMod,Reactive power control mode,Enum,Live Value,Long,
1735,0,WRPC.VArSpt,,WRPC.,VArSpt,UPC Reactive power setpoint,VAr,Live Value,Double,Live Value
1741,0,WRPC.VArSptSt,,WRPC.,VArSptSt,Controller reactive power setpoint state,Enum,Live Value,Long,Live Value
1742,0,WRPC.VArUpGraSpt,,WRPC.,VArUpGraSpt,Setpoint for gradient for ramping up the wind power plant reactive power output,,Setpoint,Double,
1743,0,WRPC.VDnGraSpt,,WRPC.,VDnGraSpt,Setpoint for wind power plant voltage ramping down,,Setpoint,Double,
1744,0,WRPC.VSpt,,WRPC.,VSpt,UPC Voltage reference,V,Live Value,Double,Live Value
1749,0,WRPC.VSptSt,,WRPC.,VSptSt,Controller voltage setpoint state,Enum,Live Value,Long,Live Value
1750,0,WRPC.VUpGraSpt,,WRPC.,VUpGraSpt,Setpoint for wind power plant voltage ramping up,,Setpoint,Double,
1753,0,WTOW.DehumSt,,WTOW.,DehumSt,De-humidifier Status,Enum,Live Value,Long,Live Value
1754,0,WTOW.DirDsp,,WTOW.,DirDsp,Tower displacement,mm,Live Value,Double,Live Value
1759,0,WTOW.DirDsp1,,WTOW.,DirDsp1,Tower displacement sensor 1,mm,Live Value,Double,Live Value
1764,0,WTOW.DirDsp2,,WTOW.,DirDsp2,Tower displacement sensor 2,mm,Live Value,Double,Live Value
1769,0,WTOW.DirDsp3,,WTOW.,DirDsp3,Tower displacement sensor 3,mm,Live Value,Double,Live Value
1774,0,WTOW.DirDspLvlSpt1,,WTOW.,DirDspLvlSpt1,Tower displacement threshold 1,mm,Setpoint,Double,Live Value
1775,0,WTOW.DirDspLvlSpt2,,WTOW.,DirDspLvlSpt2,Tower displacement threshold 2,mm,Setpoint,Double,Live Value
1776,0,WTOW.DirDspLvlSpt3,,WTOW.,DirDspLvlSpt3,Tower displacement threshold 3,mm,Setpoint,Double,Live Value
1777,0,WTOW.DirDspLvlSt1,,WTOW.,DirDspLvlSt1,Foundation Monitoring Level 1 Status,Enum,Live Value,Boolean,Live Value
1778,0,WTOW.DirDspLvlSt2,,WTOW.,DirDspLvlSt2,Foundation Monitoring Level 2 Status,Enum,Live Value,Boolean,Live Value
1779,0,WTOW.DirDspLvlSt3,,WTOW.,DirDspLvlSt3,Foundation Monitoring Level 3 Status,Enum,Live Value,Boolean,Live Value
1780,0,WTOW.DirDspRst,,WTOW.,DirDspRst,Foundation Monitoring Calibration command,Enum,Command,Boolean,Live Value
1781,0,WTOW.GndCtlTmp,,WTOW.,GndCtlTmp,Ground Controller Temp,°C,Live Value,Double,Live Value
1786,0,WTOW.HtexSt,,WTOW.,HtexSt,Heat Exchanger Status,Enum,Live Value,Long,Live Value
1787,0,WTOW.IntnHum,,WTOW.,IntnHum,Humidity inside tower,percent,Live Value,Double,Live Value
1792,0,WTOW.IntnTmp,,WTOW.,IntnTmp,Tower Temp,°C,Live Value,Double,Live Value
1797,0,WTOW.LftPos,,WTOW.,LftPos,Tower Lift position,,Live Value,Double,
1798,0,WTOW.LftSt,,WTOW.,LftSt,Lift system Status,Enum,Live Value,Long,Live Value
1799,0,WTOW.LoIntnTmp,,WTOW.,LoIntnTmp,Tower Base Temp,°C,Live Value,Double,Live Value
1804,0,WTOW.Vbr,,WTOW.,Vbr,Tower vibration,,Live Value,Double,Live Value
1809,0,WTOW.XdirVbr,,WTOW.,XdirVbr,Tower vibration in longitudinal direction,Enum,Live Value,Long,Live Value
1818,0,WTOW.YdirVbr,,WTOW.,YdirVbr,Tower vibration in Lateral direction,Enum,Live Value,Long,Live Value
1827,0,WTRF.AirOutTmp,,WTRF.,AirOutTmp,Transformer air Outlet Temp,°C,Live Value,Double,Live Value
1831,0,WTRF.AuxTmp,,WTRF.,AuxTmp,Auxiliary Transformer Temp,°C,Live Value,Double,Live Value
1833,0,WTRF.ClSt,,WTRF.,ClSt,Transformer cooling system status,Enum,Live Value,Long,Live Value
1834,0,WTRF.CoreTmp1,,WTRF.,CoreTmp1,Transformer L1 Core Temp,°C,Live Value,Double,Live Value
1836,0,WTRF.CoreTmp2,,WTRF.,CoreTmp2,Transformer L2 Core Temp,°C,Live Value,Double,Live Value
1838,0,WTRF.CoreTmp3,,WTRF.,CoreTmp3,Transformer L3 Core Temp,°C,Live Value,Double,Live Value
1842,0,WTRF.GriA,,WTRF.,GriA,Transformer Grid Side Current,A,Live Value,Double,Live Value
1843,0,WTRF.GriPNV,,WTRF.,GriPNV,Transformer P-N Voltage Grid side,V,Live Value,Double,Live Value
1844,0,WTRF.GriPPV,,WTRF.,GriPPV,Transformer P-P Voltage Grid side,V,Live Value,Double,Live Value
1845,0,WTRF.GriSwOp,,WTRF.,GriSwOp,Main grid switch command,Enum,Live Value,Long,
1846,0,WTRF.GriTmp,,WTRF.,GriTmp,Transformer Grid Side Temp,°C,Live Value,Double,Live Value
1851,0,WTRF.IntnRoomTmp,,WTRF.,IntnRoomTmp,Transformer Internal Room Temp,°C,Live Value,Double,Live Value
1856,0,WTRF.IntnTmp,,WTRF.,IntnTmp,Transformer Internal Temp,°C,Live Value,Double,Live Value
1861,0,WTRF.IntnTmp1,,WTRF.,IntnTmp1,Transformer Internal Temp1,°C,Live Value,Double,Live Value
1863,0,WTRF.IntnTmp2,,WTRF.,IntnTmp2,Transformer Internal Temp2,°C,Live Value,Double,Live Value
1865,0,WTRF.IntnTmp3,,WTRF.,IntnTmp3,Transformer Internal Temp3,°C,Live Value,Double,Live Value
1867,0,WTRF.IntnTmp4,,WTRF.,IntnTmp4,Transformer Internal Temp4,°C,Live Value,Double,Live Value
1869,0,WTRF.OilLevSt,,WTRF.,OilLevSt,Transforme Oil Level Status,Enum,Live Value,Long,Live Value
1870,0,WTRF.OilTmp,,WTRF.,OilTmp,Transformer Oil Temp,°C,Live Value,Double,Live Value
1875,0,WTRF.OpTmsRs,,WTRF.,OpTmsRs,Transformer operation time,seconds,Total Counter,Long,Live Value
1876,0,WTRF.PnlTmp,,WTRF.,PnlTmp,Transformer Panel Temp,°C,Live Value,Double,Live Value
1881,0,WTRF.TnkPresSt,,WTRF.,TnkPresSt,Transformer Gas Pressure Status,Enum,Live Value,Long,Live Value
1882,0,WTRF.TurA,,WTRF.,TurA,Transformer Turbine Side Current,A,Live Value,Double,Live Value
1883,0,WTRF.TurPNV,,WTRF.,TurPNV,Transformer P-N Voltage Turbine side,V,Live Value,Double,Live Value
1884,0,WTRF.TurPPV,,WTRF.,TurPPV,Transformer P-P Voltage Turbine side,V,Live Value,Double,Live Value
1885,0,WTRF.TurTmp,,WTRF.,TurTmp,Transformer Turbine side Temp,°C,Live Value,Double,Live Value
1890,0,WTRF.TurTmp1,,WTRF.,TurTmp1,Transformer Turbine Side L1 Temp,°C,Live Value,Double,Live Value
1895,0,WTRF.TurTmp2,,WTRF.,TurTmp2,Transformer Turbine Side L2 Temp,°C,Live Value,Double,Live Value
1900,0,WTRF.TurTmp3,,WTRF.,TurTmp3,Transformer Turbine Side L3 Temp,°C,Live Value,Double,Live Value
1905,0,WTRM.BrkAccuPres,,WTRM.,BrkAccuPres,Hydraulic pressure for brake accumulator,bar,Live Value,Double,Live Value
1910,0,WTRM.BrkCnt,,WTRM.,BrkCnt,Number of activations of the shaft brake,Count,Total Counter,Long,Live Value
1912,0,WTRM.BrkHyPres,,WTRM.,BrkHyPres,Hydraulic Oil Shaft Brake Pressure,bar,Live Value,Double,Live Value
1917,0,WTRM.BrkOpSt,,WTRM.,BrkOpSt,Shaft Brake Status,Enum,Live Value,Long,Live Value
1918,0,WTRM.BrkOpStManuStr,,WTRM.,BrkOpStManuStr,Brake State,Enum,Live Value,String,Live Value
1919,0,WTRM.BrkTms,,WTRM.,BrkTms,Time the shaft brake has been activated,seconds,Total Counter,Long,Live Value
1921,0,WTRM.ClSt,,WTRM.,ClSt,Transmission cooling system Status,Enum,Live Value,Long,Live Value
1922,0,WTRM.ClWtrPmpPres,,WTRM.,ClWtrPmpPres,Gear cooling water pump pressure,bar,Live Value,Double,Live Value
1927,0,WTRM.ClWtrTmp,,WTRM.,ClWtrTmp,Gear Cooling Water Temp,°C,Live Value,Double,Live Value
1929,0,WTRM.ClWtrTnkPres,,WTRM.,ClWtrTnkPres,Gear cooling water tank pressure,bar,Live Value,Double,Live Value
1934,0,WTRM.FilSt,,WTRM.,FilSt,Filtration System Status,Enum,Live Value,Long,Live Value
1935,0,WTRM.GbxBrgHSGenTmp,,WTRM.,GbxBrgHSGenTmp,Gearbox High Speed Bearing Generator End Temp,°C,Live Value,Double,Live Value
1940,0,WTRM.GbxBrgHSGenTmp1,,WTRM.,GbxBrgHSGenTmp1,Gearbox High Speed Bearing 1 Generator End Temp,°C,Live Value,Double,Live Value
1945,0,WTRM.GbxBrgHSGenTmp2,,WTRM.,GbxBrgHSGenTmp2,Gearbox High Speed Bearing 2 Generator End Temp,°C,Live Value,Double,Live Value
1950,0,WTRM.GbxBrgHSGenTmp3,,WTRM.,GbxBrgHSGenTmp3,Gearbox High Speed Bearing 3 Generator End Temp,°C,Live Value,Double,Live Value
1955,0,WTRM.GbxBrgHSGenTmp4,,WTRM.,GbxBrgHSGenTmp4,Gearbox High Speed Bearing 4 Generator End Temp,°C,Live Value,Double,Live Value
1960,0,WTRM.GbxBrgHSMidTmp,,WTRM.,GbxBrgHSMidTmp,Gearbox High Speed Bearing Middel Temp,°C,Live Value,Double,Live Value
1965,0,WTRM.GbxBrgHSRotTmp,,WTRM.,GbxBrgHSRotTmp,Gearbox High Speed Bearing Rotor End Temp,°C,Live Value,Double,Live Value
1970,0,WTRM.GbxBrgIMSGenTmp,,WTRM.,GbxBrgIMSGenTmp,Gearbox Intermediate Speed Bearing Generator End Temp,°C,Live Value,Double,Live Value
1975,0,WTRM.GbxBrgIMSRotTmp,,WTRM.,GbxBrgIMSRotTmp,Gearbox Intermediate Speed Bearing Rotor End Temp,°C,Live Value,Double,Live Value
1980,0,WTRM.GbxBrgLSGenTmp,,WTRM.,GbxBrgLSGenTmp,Gearbox Low Speed Bearing Generator End Temp,°C,Live Value,Double,Live Value
1985,0,WTRM.GbxBrgLSRotTmp,,WTRM.,GbxBrgLSRotTmp,Gearbox Low Speed Bearing Rotor End Temp,°C,Live Value,Double,Live Value
1990,0,WTRM.GbxBrgTmp1,,WTRM.,GbxBrgTmp1,Gearbox Bearing 1 Temp,°C,Live Value,Double,Live Value
1995,0,WTRM.GbxBrgTmp2,,WTRM.,GbxBrgTmp2,Gearbox Bearing 2 Temp,°C,Live Value,Double,Live Value
2000,0,WTRM.GbxBrgTmp3,,WTRM.,GbxBrgTmp3,Gearbox Bearing 3 Temp,°C,Live Value,Double,Live Value
2005,0,WTRM.GbxBrgTmp4,,WTRM.,GbxBrgTmp4,Gearbox Bearing 4 Temp,°C,Live Value,Double,Live Value
2010,0,WTRM.GbxBrgTmp5,,WTRM.,GbxBrgTmp5,Gearbox Bearing 5 Temp,°C,Live Value,Double,Live Value
2011,0,WTRM.GbxInletPres,,WTRM.,GbxInletPres,Gear oil inlet pressure,bar,Live Value,Double,Live Value
2016,0,WTRM.GbxOilClPmpCnt,,WTRM.,GbxOilClPmpCnt,Number of activations of Gearbox oil cooling pump,Count,Total Counter,Long,Live Value
2018,0,WTRM.GbxOilClPmpTms,,WTRM.,GbxOilClPmpTms,Time the Gearbox oil cooling pump has been activated,seconds,Total Counter,Long,Live Value
2020,0,WTRM.GbxOilFanHSpdCnt,,WTRM.,GbxOilFanHSpdCnt,Number of activations of gear oil pump high speed fan,Count,Total Counter,Long,Live Value
2022,0,WTRM.GbxOilFanHSpdTms,,WTRM.,GbxOilFanHSpdTms,Time the gear oil pump high speed fan has been activated,seconds,Total Counter,Long,Live Value
2024,0,WTRM.GbxOilFanLSpdCnt,,WTRM.,GbxOilFanLSpdCnt,Number of activations of gear oil pump low speed fan,Count,Total Counter,Long,Live Value
2026,0,WTRM.GbxOilFanLSpdTms,,WTRM.,GbxOilFanLSpdTms,Time the gear oil pump low speed fan has been activated,seconds,Total Counter,Long,Live Value
2028,0,WTRM.GbxOilFanMSpdCnt,,WTRM.,GbxOilFanMSpdCnt,Number of activations of gear oil pump medium speed fan,Count,Total Counter,Long,Live Value
2030,0,WTRM.GbxOilFilInPres,,WTRM.,GbxOilFilInPres,Gearbox oil filter pressure at inlet,bar,Live Value,Double,Live Value
2035,0,WTRM.GbxOilFilOutPres,,WTRM.,GbxOilFilOutPres,Gearbox oil filter pressure at outlet,bar,Live Value,Double,Live Value
2040,0,WTRM.GbxOilFilPres,,WTRM.,GbxOilFilPres,Gearbox oil filter pressure,bar,Live Value,Double,Live Value
2045,0,WTRM.GbxOilFilTmp,,WTRM.,GbxOilFilTmp,Gearbox Oil Filter Temp,°C,Live Value,Double,Live Value
2050,0,WTRM.GbxOilHtCnt,,WTRM.,GbxOilHtCnt,Number of activations of the Gearbox oil heat,Count,Total Counter,Long,Live Value
2052,0,WTRM.GbxOilHtTms,,WTRM.,GbxOilHtTms,Time the Gearbox oil heat has been activated,seconds,Total Counter,Long,Live Value
2054,0,WTRM.GbxOilInLetTmp,,WTRM.,GbxOilInLetTmp,Gearbox Oil Inlet Temp,°C,Live Value,Double,Live Value
2059,0,WTRM.GbxOilLev,,WTRM.,GbxOilLev,Oil level in gearbox sump,Enum,Live Value,Double,
2060,0,WTRM.GbxOilOutTmp,,WTRM.,GbxOilOutTmp,Gearbox Oil Temp After Heat Exchanger,°C,Live Value,Double,Live Value
2065,0,WTRM.GbxOilPmpCnt,,WTRM.,GbxOilPmpCnt,Number of activations of the Gearbox oil pump,Count,Total Counter,Long,Live Value
2071,0,WTRM.GbxOilPmpTms,,WTRM.,GbxOilPmpTms,Time the Gearbox oil pump has been activated,seconds,Total Counter,Long,Live Value
2073,0,WTRM.GbxOilPres,,WTRM.,GbxOilPres,Gearbox oil pressure,bar,Live Value,Double,Live Value
2078,0,WTRM.GbxOilPres1,,WTRM.,GbxOilPres1,Gearbox oil pressure at pump 1,bar,Live Value,Double,Live Value
2083,0,WTRM.GbxOilPres2,,WTRM.,GbxOilPres2,Gearbox oil pressure at pump 2,bar,Live Value,Double,Live Value
2088,0,WTRM.GbxOilTmp,,WTRM.,GbxOilTmp,Gearbox Oil Temp,°C,Live Value,Double,Live Value
2093,0,WTRM.GbxOilTmp1,,WTRM.,GbxOilTmp1,Gearbox Oil Temp1,°C,Live Value,Double,Live Value
2098,0,WTRM.GbxOilTmp2,,WTRM.,GbxOilTmp2,Gearbox Oil Temp2,°C,Live Value,Double,Live Value
2102,0,WTRM.GbxOilTmp3,,WTRM.,GbxOilTmp3,Gearbox Oil Temp3,°C,Live Value,Double,Live Value
2106,0,WTRM.GbxTmp,,WTRM.,GbxTmp,Gearbox Temp,°C,Live Value,Double,Live Value
2111,0,WTRM.GbxVbr,,WTRM.,GbxVbr,Vibration in the  gearbox,,Live Value,Double,
2126,0,WTRM.GsLev,,WTRM.,GsLev,Grease level in the main bearing lubrication tank,percent,Live Value,Double,Live Value
2131,0,WTRM.GtyTnkPres,,WTRM.,GtyTnkPres,Gear oil gravity tank pressure,bar,Live Value,Double,Live Value
2136,0,WTRM.HtSt,,WTRM.,HtSt,Heating system Status,Enum,Live Value,Long,Live Value
2137,0,WTRM.InlFil,,WTRM.,InlFil,Inline filter contamination,bar,Live Value,Double,Live Value
2142,0,WTRM.InlFilSt,,WTRM.,InlFilSt,Inline filter contamination Status,Enum,Live Value,Long,Live Value
2143,0,WTRM.LuSt,,WTRM.,LuSt,Gearbox lubrication system Status,Enum,Live Value,Long,Live Value
2144,0,WTRM.MainBrgNRETmp,,WTRM.,MainBrgNRETmp,Main Bearing Non Rotor End Temp,°C,Live Value,Double,Live Value
2151,0,WTRM.MainBrgRETmp,,WTRM.,MainBrgRETmp,Main Bearing Rotor End Temp,°C,Live Value,Double,Live Value
2156,0,WTRM.MainBrgTmp,,WTRM.,MainBrgTmp,Main Bearing Temp,°C,Live Value,Double,Live Value
2161,0,WTRM.MainBrgTmp1,,WTRM.,MainBrgTmp1,Main Bearing 1 Temp,°C,Live Value,Double,Live Value
2166,0,WTRM.MainBrgTmp2,,WTRM.,MainBrgTmp2,Main Bearing 2 Temp,°C,Live Value,Double,Live Value
2171,0,WTRM.MainTnkPres,,WTRM.,MainTnkPres,Gear oil main tank pressure,bar,Live Value,Double,Live Value
2176,0,WTRM.OfFil,,WTRM.,OfFil,Offline filter contamination,Enum,Live Value,Double,
2179,0,WTRM.OfFilPres,,WTRM.,OfFilPres,Gear oil filter after offline pressure,bar,Live Value,Double,Live Value
2184,0,WTRM.OfFilSt,,WTRM.,OfFilSt,Offline filter contamination Status,Enum,Live Value,Long,Live Value
2185,0,WTRM.OilInletTmp,,WTRM.,OilInletTmp,Gear Oil Inlet Temp,°C,Live Value,Double,Live Value
2186,0,WTRM.OilLevSt,,WTRM.,OilLevSt,Oil level in gearbox sump Status,Enum,Live Value,Long,Live Value
2187,0,WTRM.ShftBrkPmpCnt,,WTRM.,ShftBrkPmpCnt,Number of activations of the shaft brake pump,Count,Total Counter,Long,Live Value
2189,0,WTRM.ShftBrkPmpTms,,WTRM.,ShftBrkPmpTms,Time the shaft brake pump has been activated,seconds,Total Counter,Long,Live Value
2191,0,WTRM.ShftBrkTmp,,WTRM.,ShftBrkTmp,Generator Shaft Brake Temp,°C,Live Value,Double,Live Value
2196,0,WTRM.ShftBrkTnkPres,,WTRM.,ShftBrkTnkPres,Hydraulic pressure in accumulation tank for shaft brake,bar,Live Value,Double,Live Value
2203,0,WTUR.AlmTms,,WTUR.,AlmTms,Time with an alarm,seconds,Total Counter,Long,Live Value
2209,0,WTUR.BstAct,,WTUR.,BstAct,Utilized power boost,Enum,Live Value,Long,Live Value
2210,0,WTUR.BstAvl,,WTUR.,BstAvl,Power boost available,Enum,Live Value,Long,Live Value
2211,0,WTUR.BstSt,,WTUR.,BstSt,Boost status,Enum,Live Value,Long,Live Value
2212,0,WTUR.BstWh,,WTUR.,BstWh,Total accumulated boost energy,Wh,Live Value,Double,Live Value
2213,0,WTUR.CapFact,,WTUR.,CapFact,Capacity factor,percent,Live Value,Double,Live Value
2217,0,WTUR.CommErrTms,,WTUR.,CommErrTms,Time with communication SCADA lost,seconds,Total Counter,Long,Live Value
2219,0,WTUR.CstmStopSt,,WTUR.,CstmStopSt,Status for TDI-command,Enum,Live Value,Long,Live Value
2220,0,WTUR.CstmStopTms,,WTUR.,CstmStopTms,Downtime due to customer stop,seconds,Total Counter,Long,Live Value
2222,0,WTUR.CtlSt,,WTUR.,CtlSt,Remote control state,Enum,Live Value,Long,Live Value
2223,0,WTUR.CtlVer,,WTUR.,CtlVer,Turbine Controller Version,String,Live Value,String,Live Value
2224,0,WTUR.DateTime,,WTUR.,DateTime,Turbine controller Date and Time,DateTime,Live Value,DateTime,Live Value
2225,0,WTUR.DmdIntWSpt,,WTUR.,DmdIntWSpt,Internal Active power setpoint,W,Setpoint,Double,Live Value
2226,0,WTUR.DmdPFSpt,,WTUR.,DmdPFSpt,Turbine Power factor setpoint,Pf,Setpoint,Double,Live Value
2228,0,WTUR.DmdPFSt,,WTUR.,DmdPFSt,Turbine power factor mode,Enum,Live Value,Long,Live Value
2229,0,WTUR.DmdSpdSpt,,WTUR.,DmdSpdSpt,Turbine speed setpoint,RPM,Setpoint,Double,Live Value
2234,0,WTUR.DmdVArh,,WTUR.,DmdVArh,Reactive energy demand,VArh,Total Counter,Double,Live Value
2241,0,WTUR.DmdVArSpt,,WTUR.,DmdVArSpt,Turbine reactive power setpoint,VAr,Setpoint,Double,Live Value
2247,0,WTUR.DmdVArSrc,,WTUR.,DmdVArSrc,Turbine reactive power generation setpoint source,Enum,Live Value,Long,Live Value
2248,0,WTUR.DmdVSpt,,WTUR.,DmdVSpt,Turbine Voltage setpoint,V,Setpoint,Double,Live Value
2249,0,WTUR.DmdWh,,WTUR.,DmdWh,Active energy demand,Wh,Total Counter,Double,Live Value
2258,0,WTUR.DmdWSpt,,WTUR.,DmdWSpt,Active power setpoint,W,Setpoint,Double,Live Value
2265,0,WTUR.DmdWSrc,,WTUR.,DmdWSrc,Turbine active power generation setpoint source,Enum,Live Value,Long,Live Value
2266,0,WTUR.DnTms,,WTUR.,DnTms,Total downtime,seconds,Total Counter,Long,Live Value
2272,0,WTUR.EnvDnTms,,WTUR.,EnvDnTms,Downtime due to Ambient/Environment,seconds,Total Counter,Long,Live Value
2278,0,WTUR.EnvOkTms,,WTUR.,EnvOkTms,Environment/Ambient Ok time,seconds,Total Counter,Long,Live Value
2282,0,WTUR.ExpW,,WTUR.,ExpW,ActivePowerOutPWC_kW,W,Live Value,Double,Live Value
2283,0,WTUR.ExpWh,,WTUR.,ExpWh,Expected active energy production,Wh,Total Counter,Double,Live Value
2285,0,WTUR.ExpWh_Hly_Sum,,WTUR.,ExpWh_Hly_Sum,Expected active energy production,Wh,Summation,Double,Live Value
2288,0,WTUR.ExpWRef,,WTUR.,ExpWRef,ActivePowerOutPWCSell_kW,W,Live Value,Double,Live Value
2289,0,WTUR.ExStopDnTms,,WTUR.,ExStopDnTms,Downtime due external stop,seconds,Total Counter,Long,Live Value
2295,0,WTUR.ExtPwrDnTms,,WTUR.,ExtPwrDnTms,Downtime due to external curtailment,seconds,Total Counter,Long,Live Value
2297,0,WTUR.GriErrDnTms,,WTUR.,GriErrDnTms,Downtime due to grid fault,seconds,Total Counter,Long,Live Value
2303,0,WTUR.GriOfTms,,WTUR.,GriOfTms,Time with no grid,seconds,Total Counter,Long,Live Value
2305,0,WTUR.GriOkTms,,WTUR.,GriOkTms,Time grid Ok ,seconds,Total Counter,Long,Live Value
2311,0,WTUR.GriOnTms,,WTUR.,GriOnTms,Power On Time ,seconds,Total Counter,Long,Live Value
2315,0,WTUR.Id,,WTUR.,Id,Turbine node id,Enum,Live Value,Long,Live Value
2316,0,WTUR.IntnW,,WTUR.,IntnW,Internal Active power ,W,Live Value,Double,Live Value
2321,0,WTUR.LsW,,WTUR.,LsW,Lost active power,W,Live Value,Double,Live Value
2323,0,WTUR.MainCBSt,,WTUR.,MainCBSt,Main circuit breaker position feedback,Enum,Live Value,Long,Live Value
2324,0,WTUR.NoAlmTms,,WTUR.,NoAlmTms,Time with no active alarms,seconds,Total Counter,Long,Live Value
2325,0,WTUR.OpTms,,WTUR.,OpTms,Time in state Run,seconds,Live Value,Long,
2330,0,WTUR.PsblPFCap,,WTUR.,PsblPFCap,Possible capacity power factor,pf,Live Value,Double,Live Value
2331,0,WTUR.PsblPFInd,,WTUR.,PsblPFInd,Possible inductive power factor,pf,Live Value,Double,Live Value
2332,0,WTUR.PsblVArCap,,WTUR.,PsblVArCap,Possible capacity reactive power,VAr,Live Value,Double,Live Value
2337,0,WTUR.PsblVArInd,,WTUR.,PsblVArInd,Possible inductive reactive power,VAr,Live Value,Double,Live Value
2342,0,WTUR.PsblW,,WTUR.,PsblW,Possibly Active power,W,Live Value,Double,Live Value
2347,0,WTUR.PsblWLoc,,WTUR.,PsblWLoc,Possibly Active power,W,Live Value,Double,Live Value
2348,0,WTUR.PsblWRaw,,WTUR.,PsblWRaw,Possibly Active power,W,Live Value,Double,Live Value
2349,0,WTUR.RdyTms,,WTUR.,RdyTms,Time turbine ready,seconds,Total Counter,Long,Live Value
2354,0,WTUR.RefTms,,WTUR.,RefTms,Reference Time ,seconds,Total Counter,Long,Live Value
2359,0,WTUR.SmokAct,,WTUR.,SmokAct,Active Smoke alarm,Enum,Live Value,Long,Live Value
2360,0,WTUR.SrvDnTms,,WTUR.,SrvDnTms,Downtime due to service,seconds,Total Counter,Long,Live Value
2366,0,WTUR.SrvRpDnTms,,WTUR.,SrvRpDnTms,Downtime due to service repair jobs,seconds,Total Counter,Long,Live Value
2369,0,WTUR.StopCnt,,WTUR.,StopCnt,Number of turbine stops (vendor-specific),Count,Live Value,Long,Live Value
2370,0,WTUR.StrCnt,,WTUR.,StrCnt,Number of turbine starts (vendor-specific),Count,Live Value,Long,Live Value
2371,0,WTUR.SupVArh,,WTUR.,SupVArh,Reactive energy supply,VArh,Total Counter,Double,Live Value
2378,0,WTUR.SupWh,,WTUR.,SupWh,Active energy supplied,Wh,Total Counter,Double,Live Value
2387,0,WTUR.SvcSt,,WTUR.,SvcSt,Service State,Enum,Live Value,Long,Live Value
2388,0,WTUR.TmZnOfs,,WTUR.,TmZnOfs,Offset from UTC,seconds,Live Value,Double,Live Value
2389,0,WTUR.TotTmsRsTms,,WTUR.,TotTmsRsTms,Reset time of total hour counters,DateTime,Live Value,DateTime,Live Value
2390,0,WTUR.TotVArh,,WTUR.,TotVArh,Total reactive energy production,VArh,Total Counter,Double,Live Value
2396,0,WTUR.TotWh,,WTUR.,TotWh,Total active energy production,Wh,Total Counter,Double,Live Value
2401,0,WTUR.TotWh_Hly_Sum,,WTUR.,TotWh_Hly_Sum,Total active energy production,Wh,Summation,Double,Live Value
2404,0,WTUR.TotWh_Mly_Sum_Current,,WTUR.,TotWh_Mly_Sum_Current,Total active energy production,Wh,Live Value,Double,Live Value
2407,0,WTUR.TotWh_Yly_Sum_Current,,WTUR.,TotWh_Yly_Sum_Current,Total active energy production,Wh,Live Value,Double,Live Value
2408,0,WTUR.TotWhRsTms,,WTUR.,TotWhRsTms,Reset time of total production counter,DateTime,Live Value,DateTime,Live Value
2409,0,WTUR.TurNam,,WTUR.,TurNam,Turbine name,String,Live Value,String,Live Value
2410,0,WTUR.TurOp,,WTUR.,TurOp,Operation Command,Enum,Command,Long,Command
2415,0,WTUR.TurOpEmgStop,,WTUR.,TurOpEmgStop,Emergency stop,Enum,Command,Long,Command
2416,0,WTUR.TurOpRs,,WTUR.,TurOpRs,Reset command,Enum,Command,Long,Command
2417,0,WTUR.TurOpStop,,WTUR.,TurOpStop,Stop command,Enum,Command,Long,Command
2418,0,WTUR.TurOpStr,,WTUR.,TurOpStr,Start command,Enum,Command,Long,Command
2419,0,WTUR.TurSt,,WTUR.,TurSt,Turbine Status,Enum,Live Value,Long,Live Value
2421,0,WTUR.TurStAlm,,WTUR.,TurStAlm,Turbine Alarm Status,Enum,Live Value,Long,Live Value
2422,0,WTUR.TurStComm,,WTUR.,TurStComm,Turbine Communication Status,Enum,Live Value,Long,Live Value
2423,0,WTUR.TurStEmgStop,,WTUR.,TurStEmgStop,Turbine Emergency Stop Status,Enum,Live Value,Long,Live Value
2424,0,WTUR.TurStErr,,WTUR.,TurStErr,Number of turbines with error,Enum,Live Value,Long,Live Value
2425,0,WTUR.TurStManu,,WTUR.,TurStManu,Turbine state manufacturer code,Enum,Live Value,Long,Live Value
2431,0,WTUR.TurStManuStop1,,WTUR.,TurStManuStop1,Commanded Stop Status,Enum,Live Value,Long,Live Value
2432,0,WTUR.TurStManuStop2,,WTUR.,TurStManuStop2,Commanded Stop Status,Enum,Live Value,Long,Live Value
2433,0,WTUR.TurStManuStr,,WTUR.,TurStManuStr,Turbine state manufacturer text,String,Live Value,String,Live Value
2434,0,WTUR.TurStOk,,WTUR.,TurStOk,Turbine in Ok/Ready problem Status,Enum,Live Value,Long,Live Value
2435,0,WTUR.TurStPend,,WTUR.,TurStPend,Pending turbine state,Enum,Live Value,Long,Live Value
2436,0,WTUR.TurStPsblW,,WTUR.,TurStPsblW,Possibly Active power,W,Live Value,Double,Live Value
2437,0,WTUR.TurStSrv,,WTUR.,TurStSrv,Turbine Service Status,Enum,Live Value,Long,Live Value
2438,0,WTUR.TurStStdby,,WTUR.,TurStStdby,Turbine Standby Status,Enum,Live Value,Long,Live Value
2439,0,WTUR.TurStStop,,WTUR.,TurStStop,Turbine  Stop Status,Enum,Live Value,Long,Live Value
2440,0,WTUR.TurStStr,,WTUR.,TurStStr,Turbine Status Text,String,Function,String,Live Value
2441,0,WTUR.TurStSubManu,,WTUR.,TurStSubManu,Turbine substate manufacturer code,Enum,Live Value,Long,Live Value
2446,0,WTUR.TurStSubManuStr,,WTUR.,TurStSubManuStr,Turbine substate manufacturer text,String,Live Value,String,Live Value
2447,0,WTUR.TurStWar,,WTUR.,TurStWar,Turbine warning Status,Enum,Live Value,Long,Live Value
2448,0,WTUR.UntId,,WTUR.,UntId,Unit Identification Number ,Enum,Live Value,Long,Live Value
2449,0,WTUR.UntTyp,,WTUR.,UntTyp,Unit Type,Enum,Live Value,Long,Live Value
2450,0,WTUR.VAr,,WTUR.,VAr,Reactive power,VAr,Live Value,Double,Live Value
2455,0,WTUR.VArOvW,,WTUR.,VArOvW,Activate reactive power priority,Enum,Live Value,Long,
2456,0,WTUR.W,,WTUR.,W,Active Power,W,Live Value,Double,Live Value
2463,0,WTUR.WarTms,,WTUR.,WarTms,Time with a warning,seconds,Total Counter,Long,Live Value
2465,0,WTUR.WdDirDnTms,,WTUR.,WdDirDnTms,Downtime due to wind direction stop time,seconds,Total Counter,Long,Live Value
2467,0,WTUR.WdOkTms,,WTUR.,WdOkTms,Time wind OK time,seconds,Total Counter,Long,Live Value
2474,0,WYAW.BrkPres,,WYAW.,BrkPres,Yaw system brake pressure,bar,Live Value,Double,Live Value
2479,0,WYAW.BrkSt,,WYAW.,BrkSt,Yaw brake Status,Enum,Live Value,Long,Live Value
2480,0,WYAW.CabWup,,WYAW.,CabWup,Cable windup. Number of windings from calibration point,Count,Live Value,Double,Live Value
2485,0,WYAW.CcwCnt,,WYAW.,CcwCnt,Number of activations of yaw Counter clockwise ,Count,Live Value,Long,Live Value
2487,0,WYAW.CcwOpTms,,WYAW.,CcwOpTms,Time yaw Counter clockwise has been activated ,seconds,Total Counter,Long,Live Value
2489,0,WYAW.Cnt,,WYAW.,Cnt,Yaw counter,Degrees,Live Value,Double,Live Value
2490,0,WYAW.CwCnt,,WYAW.,CwCnt,Number of activations of yaw clockwise,Count,Live Value,Long,Live Value
2492,0,WYAW.CwOpTms,,WYAW.,CwOpTms,Time yaw Clockwise has been activated,seconds,Total Counter,Long,Live Value
2494,0,WYAW.HyOilTmp,,WYAW.,HyOilTmp,Yaw Hydraulic Oil Temp,°C,Live Value,Double,Live Value
2499,0,WYAW.HyPres,,WYAW.,HyPres,Yaw system hydraulic pressure,bar,Live Value,Double,Live Value
2504,0,WYAW.HyTnkPres,,WYAW.,HyTnkPres,Yaw system hydraulic accumulation tank pressure,bar,Live Value,Double,Live Value
2509,0,WYAW.OpTms,,WYAW.,OpTms,Time the yaw system has been activated ,seconds,Total Counter,Long,Live Value
2514,0,WYAW.PinGsLev,,WYAW.,PinGsLev,Grease level in the yaw pinion lubrication tank,percent,Live Value,Double,Live Value
2519,0,WYAW.PltGsLev,,WYAW.,PltGsLev,Grease level in the yaw plate lubrication tank,percent,Live Value,Double,Live Value
2524,0,WYAW.PnlTmp,,WYAW.,PnlTmp,Yaw Inverter Control Cabinet Temp,°C,Live Value,Double,Live Value
2526,0,WYAW.RngTmp,,WYAW.,RngTmp,Yaw Rim Temp,°C,Live Value,Double,Live Value
2531,0,WYAW.RotSpd,,WYAW.,RotSpd,Yaw RPM,RPM,Live Value,Double,Live Value
2532,0,WYAW.SysGsLev,,WYAW.,SysGsLev,Grease level for lubrication of yaw system,Enum,Live Value,Double,
2533,0,WYAW.Tmp,,WYAW.,Tmp,Yawing Motor Temp,°C,Live Value,Double,Live Value
2534,0,WYAW.YwAng,,WYAW.,YwAng,Yaw Angle,Degrees,Live Value,Double,Live Value
2539,0,WYAW.YwAng2,,WYAW.,YwAng2,Yaw Angle 2,Degrees,Live Value,Double,Live Value
2548,0,WYAW.YwOp,,WYAW.,YwOp,Yaw system command,Enum,Live Value,Long,
2549,0,WYAW.YwSt,,WYAW.,YwSt,Yaw system Status,Enum,Live Value,Long,Live Value
2550,0,WYAW.YwStCcw,,WYAW.,YwStCcw,Yaw State Counter Clockwise active,Enum,Live Value,Long,Live Value
2551,0,WYAW.YwStCW,,WYAW.,YwStCW,Yaw State Clockwise active,Enum,Live Value,Long,Live Value
2552,0,WYAW.YwStManu,,WYAW.,YwStManu,Yaw Manual Status,Enum,Live Value,Long,Live Value
2553,0,IAVL.DnWh,,IAVL.,DnWh,Plant-level lost energy due to downtime,Wh,,,
2554,0,MMTR.SupWh,,MMTR.,SupWh,Active energy supply,Wh,,,
2555,0,IAVL.ExtPwrDnWh,,IAVL.,ExtPwrDnWh,Plant-level lost energy due to curtailment,Wh,,,
2556,0,WMETR.HorWdSpd,,WMETR.,HorWdSpd,Reanalysis horizontal wind speed,m/s,,,
2556,1,WMETR.HorWdSpd,MERRA-2 reanalysis data,WMETR.,HorWdSpd,Reanalysis horizontal wind speed,m/s,,,
2556,2,WMETR.HorWdSpd,ERA5 reanalysis data,WMETR.,HorWdSpd,Reanalysis horizontal wind speed,m/s,,,
2557,0,WMETR.HorWdSpdU,,WMETR.,HorWdSpdU,"Reanalysis horizontal wind speed, U component",m/s,,,
2557,1,WMETR.HorWdSpdU,MERRA-2 reanalysis data,WMETR.,HorWdSpdU,"Reanalysis horizontal wind speed, U component",m/s,,,
2557,2,WMETR.HorWdSpdU,ERA5 reanalysis data,WMETR.,HorWdSpdU,"Reanalysis horizontal wind speed, U component",m/s,,,
2558,0,WMETR.HorWdSpdV,,WMETR.,HorWdSpdV,"Reanalysis horizontal wind speed, V component",m/s,,,
2558,1,WMETR.HorWdSpdV,MERRA-2 reanalysis data,WMETR.,HorWdSpdV,"Reanalysis horizontal wind speed, V component",m/s,,,
2558,2,WMETR.HorWdSpdV,ERA5 reanalysis data,WMETR.,HorWdSpdV,"Reanalysis horizontal wind speed, V component",m/s,,,
2559,0,WMETR.HorWdDir,,WMETR.,HorWdDir,Reanalysis horizontal wind direction,Degrees,,,
2559,1,WMETR.HorWdDir,MERRA-2 reanalysis data,WMETR.,HorWdDir,Reanalysis horizontal wind direction,Degrees,,,
2559,2,WMETR.HorWdDir,ERA5 reanalysis data,WMETR.,HorWdDir,Reanalysis horizontal wind direction,Degrees,,,
2560,0,WMETR.EnvTmp,,WMETR.,EnvTmp,Reanalysis ambient temperature,°C,,,
2560,1,WMETR.EnvTmp,MERRA-2 reanalysis data,WMETR.,EnvTmp,Reanalysis ambient temperature,°C,,,
2560,2,WMETR.EnvTmp,ERA5 reanalysis data,WMETR.,EnvTmp,Reanalysis ambient temperature,°C,,,
2561,0,WMETR.EnvPres,,WMETR.,EnvPres,Reanalysis barometric pressure,bar,,,
2561,1,WMETR.EnvPres,MERRA-2 reanalysis data,WMETR.,EnvPres,Reanalysis barometric pressure,bar,,,
2561,2,WMETR.EnvPres,ERA5 reanalysis data,WMETR.,EnvPres,Reanalysis barometric pressure,bar,,,
2562,0,WMETR.AirDen,,WMETR.,AirDen,Reanalysis air density,kg/m³,,,
2562,1,WMETR.AirDen,MERRA-2 reanalysis data,WMETR.,AirDen,Reanalysis air density,kg/m³,,,
2562,2,WMETR.AirDen,ERA5 reanalysis data,WMETR.,AirDen,Reanalysis air density,kg/m³,,,
2563,0,IAVL.ExtPwrDnW,,IAVL.,ExtPwrDnW,Plant-level lost power due to curtailment,W,,,
2564,0,WAPC.PsblWh,,WAPC.,PsblWh,UPC Possible Active Energy,Wh,,,
2565,0,IAVL.CurtailmentDispatchSignal,,IAVL.,CurtailmentDispatchSignal,Curtailment dispatch signal from balancing entity,,,,
